ID,HW_Platform,Backend,Precision,Category,Output_Tokens,Latency_s,Gross_Energy_J,Net_Energy_J,Power_W,Q_ped,LpW
1,Intel Core Ultra 9 185H (Meteor Lake),llama.cpp,Q4_K_M,Mathematics,172,13.9304,451.3321,309.2416,32.4,7.754,0.00179996
2,Intel Core Ultra 9 185H (Meteor Lake),llama.cpp,Q4_K_M,Mathematics,171,15.0219,645.2044,491.9813,42.95,6.853,0.00092727
3,Intel Core Ultra 9 185H (Meteor Lake),llama.cpp,Q4_K_M,Mathematics,162,13.9646,462.7683,320.329,33.14,7.443,0.00166388
4,Intel Core Ultra 9 185H (Meteor Lake),llama.cpp,Q4_K_M,Mathematics,187,17.306,722.8284,546.3071,41.77,7.624,0.0008064
5,Intel Core Ultra 9 185H (Meteor Lake),llama.cpp,Q4_K_M,Mathematics,183,15.9306,567.5407,405.0482,35.63,8.049,0.00124739
6,Intel Core Ultra 9 185H (Meteor Lake),llama.cpp,Q4_K_M,Mathematics,143,12.9772,584.8364,452.4689,45.07,7.518,0.00128036
7,Intel Core Ultra 9 185H (Meteor Lake),llama.cpp,Q4_K_M,Mathematics,141,12.9594,538.7612,406.5758,41.57,7.743,0.00146955
8,Intel Core Ultra 9 185H (Meteor Lake),llama.cpp,Q4_K_M,Mathematics,187,14.2985,491.3961,345.5515,34.37,7.373,0.00149225
9,Intel Core Ultra 9 185H (Meteor Lake),llama.cpp,Q4_K_M,Mathematics,160,12.0754,419.4978,296.3291,34.74,8.099,0.00226338
10,Intel Core Ultra 9 185H (Meteor Lake),llama.cpp,Q4_K_M,Mathematics,184,15.4827,634.5217,476.5983,40.98,8.231,0.00111546
11,Intel Core Ultra 9 185H (Meteor Lake),llama.cpp,Q4_K_M,Mathematics,195,14.1147,528.2328,384.2627,37.42,8.219,0.00151537
12,Intel Core Ultra 9 185H (Meteor Lake),llama.cpp,Q4_K_M,Mathematics,150,13.936,526.8594,384.7124,37.81,8.016,0.00149515
13,Intel Core Ultra 9 185H (Meteor Lake),llama.cpp,Q4_K_M,Mathematics,146,14.6678,641.2211,491.6093,43.72,7.209,0.00099975
14,Intel Core Ultra 9 185H (Meteor Lake),llama.cpp,Q4_K_M,Mathematics,200,16.4288,582.0789,414.5051,35.43,7.688,0.00112896
15,Intel Core Ultra 9 185H (Meteor Lake),llama.cpp,Q4_K_M,Mathematics,185,13.7906,536.1009,395.4366,38.87,7.798,0.00142996
16,Intel Core Ultra 9 185H (Meteor Lake),llama.cpp,Q4_K_M,Mathematics,168,13.3078,564.438,428.6981,42.41,7.8,0.00136721
17,Intel Core Ultra 9 185H (Meteor Lake),llama.cpp,Q4_K_M,Mathematics,157,16.0648,671.7889,507.9277,41.82,8.049,0.00098643
18,Intel Core Ultra 9 185H (Meteor Lake),llama.cpp,Q4_K_M,Mathematics,166,15.1448,573.1652,418.6879,37.85,8.751,0.00138008
19,Intel Core Ultra 9 185H (Meteor Lake),llama.cpp,Q4_K_M,Mathematics,151,12.9543,483.3973,351.2631,37.32,8.432,0.00185303
20,Intel Core Ultra 9 185H (Meteor Lake),llama.cpp,Q4_K_M,Mathematics,197,13.5088,423.7832,285.9932,31.37,7.496,0.00194024
21,Intel Core Ultra 9 185H (Meteor Lake),llama.cpp,Q4_K_M,Mathematics,160,13.8321,472.6361,331.5482,34.17,8.363,0.00182358
22,Intel Core Ultra 9 185H (Meteor Lake),llama.cpp,Q4_K_M,Mathematics,200,14.1151,561.8547,417.8809,39.81,8.343,0.00141445
23,Intel Core Ultra 9 185H (Meteor Lake),llama.cpp,Q4_K_M,Mathematics,169,11.1938,424.6325,310.4559,37.93,7.591,0.00218435
24,Intel Core Ultra 9 185H (Meteor Lake),llama.cpp,Q4_K_M,Mathematics,155,10.8778,422.136,311.1827,38.81,8.451,0.00249662
25,Intel Core Ultra 9 185H (Meteor Lake),llama.cpp,Q4_K_M,Mathematics,168,11.9914,512.7651,390.4525,42.76,7.927,0.00169305
26,Intel Core Ultra 9 185H (Meteor Lake),llama.cpp,Q4_K_M,Mathematics,120,11.8599,398.8734,277.9019,33.63,7.277,0.00220789
27,Intel Core Ultra 9 185H (Meteor Lake),llama.cpp,Q4_K_M,Mathematics,175,12.4055,465.599,339.0629,37.53,8.247,0.00196066
28,Intel Core Ultra 9 185H (Meteor Lake),llama.cpp,Q4_K_M,Mathematics,174,14.579,572.5718,423.8659,39.27,8.123,0.0013145
29,Intel Core Ultra 9 185H (Meteor Lake),llama.cpp,Q4_K_M,Mathematics,196,13.2128,470.5474,335.7767,35.61,7.892,0.00177886
30,Intel Core Ultra 9 185H (Meteor Lake),llama.cpp,Q4_K_M,Mathematics,136,13.8339,613.7958,472.6903,44.37,7.991,0.00122203
31,Intel Core Ultra 9 185H (Meteor Lake),llama.cpp,Q4_K_M,Mathematics,200,11.4187,482.1563,365.6857,42.23,7.636,0.0018287
32,Intel Core Ultra 9 185H (Meteor Lake),llama.cpp,Q4_K_M,Mathematics,196,12.7152,504.6609,374.9657,39.69,8.327,0.00174652
33,Intel Core Ultra 9 185H (Meteor Lake),llama.cpp,Q4_K_M,Mathematics,200,14.4983,664.8409,516.9578,45.86,7.987,0.00106564
34,Intel Core Ultra 9 185H (Meteor Lake),llama.cpp,Q4_K_M,Mathematics,176,14.5114,469.5101,321.4937,32.35,8.097,0.00173557
35,Intel Core Ultra 9 185H (Meteor Lake),llama.cpp,Q4_K_M,Mathematics,200,12.2682,471.938,346.8021,38.47,8.196,0.00192636
36,Intel Core Ultra 9 185H (Meteor Lake),llama.cpp,Q4_K_M,Mathematics,145,13.7748,551.0203,410.5171,40.0,7.41,0.00131039
37,Intel Core Ultra 9 185H (Meteor Lake),llama.cpp,Q4_K_M,Mathematics,193,17.238,599.0275,423.1995,34.75,7.545,0.00103425
38,Intel Core Ultra 9 185H (Meteor Lake),llama.cpp,Q4_K_M,Mathematics,161,13.4701,535.2059,397.811,39.73,6.861,0.00128038
39,Intel Core Ultra 9 185H (Meteor Lake),llama.cpp,Q4_K_M,Mathematics,141,12.3216,418.478,292.7979,33.96,8.304,0.00230172
40,Intel Core Ultra 9 185H (Meteor Lake),llama.cpp,Q4_K_M,Mathematics,153,13.2046,545.7632,411.0763,41.33,7.38,0.00135959
41,Intel Core Ultra 9 185H (Meteor Lake),llama.cpp,Q4_K_M,Mathematics,178,13.6567,585.0138,445.7154,42.84,8.079,0.00132725
42,Intel Core Ultra 9 185H (Meteor Lake),llama.cpp,Q4_K_M,Mathematics,159,13.243,524.6427,389.564,39.62,8.203,0.00159004
43,Intel Core Ultra 9 185H (Meteor Lake),llama.cpp,Q4_K_M,Mathematics,186,13.4467,415.5504,278.3941,30.9,8.323,0.00222333
44,Intel Core Ultra 9 185H (Meteor Lake),llama.cpp,Q4_K_M,Mathematics,138,11.0461,381.4911,268.8205,34.54,7.384,0.00248667
45,Intel Core Ultra 9 185H (Meteor Lake),llama.cpp,Q4_K_M,Mathematics,131,11.8635,484.2136,363.2056,40.82,7.976,0.00185105
46,Intel Core Ultra 9 185H (Meteor Lake),llama.cpp,Q4_K_M,Mathematics,200,13.2461,511.1273,376.0168,38.59,8.879,0.00178266
47,Intel Core Ultra 9 185H (Meteor Lake),llama.cpp,Q4_K_M,Mathematics,197,13.219,362.9234,228.0892,27.45,8.901,0.00295212
48,Intel Core Ultra 9 185H (Meteor Lake),llama.cpp,Q4_K_M,Mathematics,154,12.5375,546.5789,418.6967,43.6,8.523,0.00162361
49,Intel Core Ultra 9 185H (Meteor Lake),llama.cpp,Q4_K_M,Mathematics,177,13.1991,515.5598,380.9292,39.06,8.185,0.00162791
50,Intel Core Ultra 9 185H (Meteor Lake),llama.cpp,Q4_K_M,Mathematics,200,13.6037,478.0593,339.3013,35.14,7.487,0.00162205
51,Intel Core Ultra 9 185H (Meteor Lake),llama.cpp,Q4_K_M,Mathematics,187,15.012,639.2008,486.0784,42.58,8.384,0.00114896
52,Intel Core Ultra 9 185H (Meteor Lake),llama.cpp,Q4_K_M,Mathematics,181,13.3313,476.2233,340.2436,35.72,7.928,0.00174783
53,Intel Core Ultra 9 185H (Meteor Lake),llama.cpp,Q4_K_M,Mathematics,200,14.1785,505.8504,361.2299,35.68,8.301,0.00162075
54,Intel Core Ultra 9 185H (Meteor Lake),llama.cpp,Q4_K_M,Mathematics,161,12.5793,502.7843,374.4757,39.97,7.681,0.00163057
55,Intel Core Ultra 9 185H (Meteor Lake),llama.cpp,Q4_K_M,Mathematics,178,14.4726,662.876,515.2559,45.8,7.92,0.00106208
56,Intel Core Ultra 9 185H (Meteor Lake),llama.cpp,Q4_K_M,Mathematics,177,14.1387,638.459,494.2439,45.16,8.095,0.00115842
57,Intel Core Ultra 9 185H (Meteor Lake),llama.cpp,Q4_K_M,Mathematics,171,14.9719,598.4985,445.7853,39.97,8.138,0.00121931
58,Intel Core Ultra 9 185H (Meteor Lake),llama.cpp,Q4_K_M,Mathematics,169,14.7129,594.3384,444.267,40.4,8.267,0.00126475
59,Intel Core Ultra 9 185H (Meteor Lake),llama.cpp,Q4_K_M,Mathematics,179,14.5009,605.3401,457.4314,41.75,7.709,0.00116219
60,Intel Core Ultra 9 185H (Meteor Lake),llama.cpp,Q4_K_M,Mathematics,178,13.3327,444.5968,308.6033,33.35,7.311,0.00177688
61,Intel Core Ultra 9 185H (Meteor Lake),llama.cpp,Q4_K_M,Mathematics,154,13.9164,572.5346,430.5873,41.14,8.855,0.00147775
62,Intel Core Ultra 9 185H (Meteor Lake),llama.cpp,Q4_K_M,Mathematics,195,15.308,543.2843,387.143,35.49,9.304,0.00156993
63,Intel Core Ultra 9 185H (Meteor Lake),llama.cpp,Q4_K_M,Mathematics,156,12.3915,493.252,366.859,39.81,8.243,0.00181327
64,Intel Core Ultra 9 185H (Meteor Lake),llama.cpp,Q4_K_M,Mathematics,173,12.4317,467.0267,340.2233,37.57,7.322,0.00173115
65,Intel Core Ultra 9 185H (Meteor Lake),llama.cpp,Q4_K_M,Mathematics,171,13.8084,560.0004,419.1544,40.55,7.608,0.00131447
66,Intel Core Ultra 9 185H (Meteor Lake),llama.cpp,Q4_K_M,Mathematics,185,14.206,553.8089,408.908,38.98,8.275,0.00142453
67,Intel Core Ultra 9 185H (Meteor Lake),llama.cpp,Q4_K_M,Mathematics,131,12.099,326.0686,202.6586,26.95,8.707,0.00355102
68,Intel Core Ultra 9 185H (Meteor Lake),llama.cpp,Q4_K_M,Mathematics,197,13.3729,524.6652,388.2616,39.23,7.379,0.00142117
69,Intel Core Ultra 9 185H (Meteor Lake),llama.cpp,Q4_K_M,Mathematics,163,13.3402,548.7202,412.6502,41.13,7.945,0.00144328
70,Intel Core Ultra 9 185H (Meteor Lake),llama.cpp,Q4_K_M,Mathematics,200,9.734,392.5567,293.2696,40.33,8.112,0.00284164
71,Intel Core Ultra 9 185H (Meteor Lake),llama.cpp,Q4_K_M,Mathematics,167,13.1267,499.8565,365.9642,38.08,8.46,0.00176107
72,Intel Core Ultra 9 185H (Meteor Lake),llama.cpp,Q4_K_M,Mathematics,176,13.2326,598.5466,463.5744,45.23,7.831,0.0012766
73,Intel Core Ultra 9 185H (Meteor Lake),llama.cpp,Q4_K_M,Mathematics,200,13.2275,526.1455,391.2249,39.78,7.197,0.00139074
74,Intel Core Ultra 9 185H (Meteor Lake),llama.cpp,Q4_K_M,Mathematics,171,15.9071,640.9662,478.7142,40.29,8.333,0.0010943
75,Intel Core Ultra 9 185H (Meteor Lake),llama.cpp,Q4_K_M,Mathematics,200,11.4331,489.1375,372.5194,42.78,8.595,0.00201805
76,Intel Core Ultra 9 185H (Meteor Lake),llama.cpp,Q4_K_M,Mathematics,178,12.0981,483.7639,360.3629,39.99,7.967,0.00182741
77,Intel Core Ultra 9 185H (Meteor Lake),llama.cpp,Q4_K_M,Mathematics,187,9.0593,315.4267,223.0222,34.82,8.221,0.00406896
78,Intel Core Ultra 9 185H (Meteor Lake),llama.cpp,Q4_K_M,Mathematics,179,12.6824,361.4853,232.1244,28.5,7.763,0.00263697
79,Intel Core Ultra 9 185H (Meteor Lake),llama.cpp,Q4_K_M,Mathematics,196,12.8274,468.7622,337.9227,36.54,7.57,0.00174638
80,Intel Core Ultra 9 185H (Meteor Lake),llama.cpp,Q4_K_M,Mathematics,162,12.633,525.7855,396.9285,41.62,8.544,0.00170389
81,Intel Core Ultra 9 185H (Meteor Lake),llama.cpp,Q4_K_M,Mathematics,156,15.3831,569.9775,413.0704,37.05,8.211,0.0012922
82,Intel Core Ultra 9 185H (Meteor Lake),llama.cpp,Q4_K_M,Mathematics,163,14.963,625.2285,472.6054,41.78,8.265,0.00116876
83,Intel Core Ultra 9 185H (Meteor Lake),llama.cpp,Q4_K_M,Mathematics,180,13.6324,533.1585,394.1085,39.11,8.791,0.00163626
84,Intel Core Ultra 9 185H (Meteor Lake),llama.cpp,Q4_K_M,Mathematics,173,12.87,563.4605,432.187,43.78,7.461,0.00134137
85,Intel Core Ultra 9 185H (Meteor Lake),llama.cpp,Q4_K_M,Mathematics,193,15.2445,568.4623,412.9682,37.29,7.723,0.00122675
86,Intel Core Ultra 9 185H (Meteor Lake),llama.cpp,Q4_K_M,Mathematics,200,13.4664,544.2749,406.9175,40.42,8.092,0.00147672
87,Intel Core Ultra 9 185H (Meteor Lake),llama.cpp,Q4_K_M,Mathematics,156,12.1089,491.3097,367.7985,40.57,7.717,0.00173274
88,Intel Core Ultra 9 185H (Meteor Lake),llama.cpp,Q4_K_M,Mathematics,161,10.5824,472.5726,364.6324,44.66,8.417,0.00218132
89,Intel Core Ultra 9 185H (Meteor Lake),llama.cpp,Q4_K_M,Mathematics,146,12.7498,401.6531,271.6055,31.5,7.913,0.00228507
90,Intel Core Ultra 9 185H (Meteor Lake),llama.cpp,Q4_K_M,Mathematics,200,14.7829,541.3574,390.5718,36.62,7.494,0.00129794
91,Intel Core Ultra 9 185H (Meteor Lake),llama.cpp,Q4_K_M,Mathematics,184,17.3701,729.1786,552.0035,41.98,8.044,0.00083893
92,Intel Core Ultra 9 185H (Meteor Lake),llama.cpp,Q4_K_M,Mathematics,188,13.6047,610.0116,471.2433,44.84,8.099,0.00126327
93,Intel Core Ultra 9 185H (Meteor Lake),llama.cpp,Q4_K_M,Mathematics,148,12.1989,481.6648,357.236,39.48,8.496,0.00194957
94,Intel Core Ultra 9 185H (Meteor Lake),llama.cpp,Q4_K_M,Mathematics,177,11.4856,428.4104,311.2577,37.3,8.214,0.00229764
95,Intel Core Ultra 9 185H (Meteor Lake),llama.cpp,Q4_K_M,Mathematics,189,14.4383,600.6947,453.4238,41.6,8.25,0.00126018
96,Intel Core Ultra 9 185H (Meteor Lake),llama.cpp,Q4_K_M,Mathematics,172,10.5002,441.6541,334.5525,42.06,8.177,0.00232774
97,Intel Core Ultra 9 185H (Meteor Lake),llama.cpp,Q4_K_M,Mathematics,200,14.4356,534.4832,387.2402,37.03,7.912,0.00141537
98,Intel Core Ultra 9 185H (Meteor Lake),llama.cpp,Q4_K_M,Mathematics,200,14.8901,593.4343,441.5552,39.85,7.638,0.00116171
99,Intel Core Ultra 9 185H (Meteor Lake),llama.cpp,Q4_K_M,Mathematics,157,14.2417,617.2365,471.9714,43.34,8.16,0.00121399
100,Intel Core Ultra 9 185H (Meteor Lake),llama.cpp,Q4_K_M,Mathematics,155,13.1266,607.1157,473.2246,46.25,7.837,0.00126163
101,Intel Core Ultra 9 185H (Meteor Lake),llama.cpp,Q4_K_M,Science,158,14.4604,600.7527,453.2566,41.54,8.889,0.00135621
102,Intel Core Ultra 9 185H (Meteor Lake),llama.cpp,Q4_K_M,Science,200,13.7906,533.4336,392.7695,38.68,8.708,0.00160767
103,Intel Core Ultra 9 185H (Meteor Lake),llama.cpp,Q4_K_M,Science,200,12.1772,466.122,341.9147,38.28,8.339,0.00200285
104,Intel Core Ultra 9 185H (Meteor Lake),llama.cpp,Q4_K_M,Science,175,16.6457,678.9003,509.1142,40.79,8.207,0.00096843
105,Intel Core Ultra 9 185H (Meteor Lake),llama.cpp,Q4_K_M,Science,178,12.9021,490.6136,359.0118,38.03,7.964,0.00171934
106,Intel Core Ultra 9 185H (Meteor Lake),llama.cpp,Q4_K_M,Science,160,14.8188,582.045,430.8934,39.28,7.354,0.00115171
107,Intel Core Ultra 9 185H (Meteor Lake),llama.cpp,Q4_K_M,Science,197,9.3884,320.7316,224.9704,34.16,7.898,0.0037394
108,Intel Core Ultra 9 185H (Meteor Lake),llama.cpp,Q4_K_M,Science,169,15.67,686.6271,526.7931,43.82,8.063,0.00097676
109,Intel Core Ultra 9 185H (Meteor Lake),llama.cpp,Q4_K_M,Science,172,15.9969,541.099,377.9306,33.83,8.129,0.00134459
110,Intel Core Ultra 9 185H (Meteor Lake),llama.cpp,Q4_K_M,Science,191,13.5507,497.6954,359.4781,36.73,8.254,0.00169445
111,Intel Core Ultra 9 185H (Meteor Lake),llama.cpp,Q4_K_M,Science,173,14.4499,562.1034,414.7144,38.9,8.489,0.00141658
112,Intel Core Ultra 9 185H (Meteor Lake),llama.cpp,Q4_K_M,Science,172,14.4495,674.2566,526.8719,46.66,7.65,0.00100486
113,Intel Core Ultra 9 185H (Meteor Lake),llama.cpp,Q4_K_M,Science,178,12.4073,456.178,329.6239,36.77,7.655,0.00187176
114,Intel Core Ultra 9 185H (Meteor Lake),llama.cpp,Q4_K_M,Science,195,14.4301,516.1554,368.9683,35.77,8.764,0.00164605
115,Intel Core Ultra 9 185H (Meteor Lake),llama.cpp,Q4_K_M,Science,200,12.1253,439.4419,315.7636,36.24,8.411,0.00219681
116,Intel Core Ultra 9 185H (Meteor Lake),llama.cpp,Q4_K_M,Science,190,12.4651,564.6881,437.5439,45.3,7.807,0.00143142
117,Intel Core Ultra 9 185H (Meteor Lake),llama.cpp,Q4_K_M,Science,195,15.4158,415.7546,258.5134,26.97,7.954,0.00199589
118,Intel Core Ultra 9 185H (Meteor Lake),llama.cpp,Q4_K_M,Science,173,15.1569,521.2278,366.6273,34.39,7.957,0.0014319
119,Intel Core Ultra 9 185H (Meteor Lake),llama.cpp,Q4_K_M,Science,162,12.2992,611.2472,485.7958,49.7,8.026,0.00134329
120,Intel Core Ultra 9 185H (Meteor Lake),llama.cpp,Q4_K_M,Science,192,12.2529,501.4216,376.4418,40.92,8.256,0.00178991
121,Intel Core Ultra 9 185H (Meteor Lake),llama.cpp,Q4_K_M,Science,181,12.4025,421.2562,294.7508,33.97,9.328,0.00255167
122,Intel Core Ultra 9 185H (Meteor Lake),llama.cpp,Q4_K_M,Science,146,14.7455,565.167,414.7631,38.33,8.109,0.00132589
123,Intel Core Ultra 9 185H (Meteor Lake),llama.cpp,Q4_K_M,Science,170,11.8,457.5645,337.2042,38.78,8.355,0.00209976
124,Intel Core Ultra 9 185H (Meteor Lake),llama.cpp,Q4_K_M,Science,176,14.1064,592.0336,448.1482,41.97,7.133,0.00112832
125,Intel Core Ultra 9 185H (Meteor Lake),llama.cpp,Q4_K_M,Science,166,14.7696,680.0231,529.3728,46.04,7.758,0.00099224
126,Intel Core Ultra 9 185H (Meteor Lake),llama.cpp,Q4_K_M,Science,200,13.35,535.2417,399.0719,40.09,8.649,0.00162343
127,Intel Core Ultra 9 185H (Meteor Lake),llama.cpp,Q4_K_M,Science,188,15.2171,552.1812,396.9667,36.29,8.219,0.00136061
128,Intel Core Ultra 9 185H (Meteor Lake),llama.cpp,Q4_K_M,Science,200,12.9827,541.7286,409.3053,41.73,6.2,0.00116676
129,Intel Core Ultra 9 185H (Meteor Lake),llama.cpp,Q4_K_M,Science,183,13.1364,468.1457,334.1539,35.64,8.36,0.0019045
130,Intel Core Ultra 9 185H (Meteor Lake),llama.cpp,Q4_K_M,Science,179,11.8387,405.6325,284.8779,34.26,9.007,0.00267066
131,Intel Core Ultra 9 185H (Meteor Lake),llama.cpp,Q4_K_M,Science,157,15.2292,476.436,321.0982,31.28,6.972,0.00142575
132,Intel Core Ultra 9 185H (Meteor Lake),llama.cpp,Q4_K_M,Science,178,12.1969,391.3133,266.9048,32.08,8.8,0.00270319
133,Intel Core Ultra 9 185H (Meteor Lake),llama.cpp,Q4_K_M,Science,178,14.0946,490.8389,347.0738,34.82,6.569,0.00134284
134,Intel Core Ultra 9 185H (Meteor Lake),llama.cpp,Q4_K_M,Science,147,13.3788,450.4771,314.0138,33.67,8.498,0.0020228
135,Intel Core Ultra 9 185H (Meteor Lake),llama.cpp,Q4_K_M,Science,166,11.7103,465.8845,346.4398,39.78,8.006,0.00197343
136,Intel Core Ultra 9 185H (Meteor Lake),llama.cpp,Q4_K_M,Science,170,12.4645,418.5893,291.4512,33.58,6.788,0.00186853
137,Intel Core Ultra 9 185H (Meteor Lake),llama.cpp,Q4_K_M,Science,187,15.8509,427.1813,265.5023,26.95,8.242,0.00195844
138,Intel Core Ultra 9 185H (Meteor Lake),llama.cpp,Q4_K_M,Science,188,13.8428,473.7007,332.504,34.22,8.608,0.00187017
139,Intel Core Ultra 9 185H (Meteor Lake),llama.cpp,Q4_K_M,Science,165,11.7844,430.9026,310.7013,36.57,8.199,0.00223928
140,Intel Core Ultra 9 185H (Meteor Lake),llama.cpp,Q4_K_M,Science,188,14.0191,504.9336,361.9392,36.02,8.314,0.00163853
141,Intel Core Ultra 9 185H (Meteor Lake),llama.cpp,Q4_K_M,Science,173,13.2516,592.745,457.5786,44.73,7.796,0.00128569
142,Intel Core Ultra 9 185H (Meteor Lake),llama.cpp,Q4_K_M,Science,114,19.3719,697.0869,499.4937,35.98,7.042,0.00072777
143,Intel Core Ultra 9 185H (Meteor Lake),llama.cpp,Q4_K_M,Science,167,13.9847,588.9211,446.2771,42.11,8.37,0.00134112
144,Intel Core Ultra 9 185H (Meteor Lake),llama.cpp,Q4_K_M,Science,200,12.8529,493.8378,362.7378,38.42,8.92,0.00191324
145,Intel Core Ultra 9 185H (Meteor Lake),llama.cpp,Q4_K_M,Science,141,15.914,609.9305,447.6073,38.33,8.597,0.00120689
146,Intel Core Ultra 9 185H (Meteor Lake),llama.cpp,Q4_K_M,Science,180,10.3702,363.7355,257.9591,35.07,6.976,0.00260776
147,Intel Core Ultra 9 185H (Meteor Lake),llama.cpp,Q4_K_M,Science,200,13.6603,522.631,383.2955,38.26,7.222,0.00137931
148,Intel Core Ultra 9 185H (Meteor Lake),llama.cpp,Q4_K_M,Science,161,16.8905,597.3015,425.0182,35.36,7.57,0.0010545
149,Intel Core Ultra 9 185H (Meteor Lake),llama.cpp,Q4_K_M,Science,178,13.3025,521.4179,385.7328,39.2,7.182,0.00139967
150,Intel Core Ultra 9 185H (Meteor Lake),llama.cpp,Q4_K_M,Science,149,10.5534,396.0832,288.4386,37.53,8.033,0.00263896
151,Intel Core Ultra 9 185H (Meteor Lake),llama.cpp,Q4_K_M,Science,200,12.8269,444.1588,313.324,34.63,8.215,0.00204405
152,Intel Core Ultra 9 185H (Meteor Lake),llama.cpp,Q4_K_M,Science,176,15.9727,679.9054,516.984,42.57,7.266,0.00087991
153,Intel Core Ultra 9 185H (Meteor Lake),llama.cpp,Q4_K_M,Science,179,14.1393,569.1082,424.8872,40.25,8.414,0.00140056
154,Intel Core Ultra 9 185H (Meteor Lake),llama.cpp,Q4_K_M,Science,200,12.0739,442.6663,319.5121,36.66,8.323,0.00215746
155,Intel Core Ultra 9 185H (Meteor Lake),llama.cpp,Q4_K_M,Science,192,12.3351,482.259,356.4411,39.1,7.725,0.00175699
156,Intel Core Ultra 9 185H (Meteor Lake),llama.cpp,Q4_K_M,Science,158,12.5485,478.805,350.8102,38.16,7.92,0.00179912
157,Intel Core Ultra 9 185H (Meteor Lake),llama.cpp,Q4_K_M,Science,163,14.114,493.185,349.2219,34.94,6.996,0.00141937
158,Intel Core Ultra 9 185H (Meteor Lake),llama.cpp,Q4_K_M,Science,188,15.7749,611.8944,450.9901,38.79,7.837,0.00110158
159,Intel Core Ultra 9 185H (Meteor Lake),llama.cpp,Q4_K_M,Science,164,15.2891,549.7027,393.7537,35.95,8.014,0.0013312
160,Intel Core Ultra 9 185H (Meteor Lake),llama.cpp,Q4_K_M,Science,131,14.2752,494.2905,348.6833,34.63,8.098,0.00162691
161,Intel Core Ultra 9 185H (Meteor Lake),llama.cpp,Q4_K_M,Science,176,11.2362,357.8355,243.2262,31.85,8.207,0.00300299
162,Intel Core Ultra 9 185H (Meteor Lake),llama.cpp,Q4_K_M,Science,145,11.2425,416.3071,301.6334,37.03,8.137,0.0023995
163,Intel Core Ultra 9 185H (Meteor Lake),llama.cpp,Q4_K_M,Science,200,14.4065,588.1405,441.1939,40.82,7.873,0.00123866
164,Intel Core Ultra 9 185H (Meteor Lake),llama.cpp,Q4_K_M,Science,181,11.2127,399.754,285.3845,35.65,8.159,0.00254974
165,Intel Core Ultra 9 185H (Meteor Lake),llama.cpp,Q4_K_M,Science,158,13.1165,640.5448,506.7561,48.83,8.531,0.00128346
166,Intel Core Ultra 9 185H (Meteor Lake),llama.cpp,Q4_K_M,Science,162,14.0171,590.5569,447.583,42.13,7.96,0.00126877
167,Intel Core Ultra 9 185H (Meteor Lake),llama.cpp,Q4_K_M,Science,136,11.5661,507.1471,389.173,43.85,8.175,0.00181618
168,Intel Core Ultra 9 185H (Meteor Lake),llama.cpp,Q4_K_M,Science,153,11.7588,491.0514,371.1121,41.76,7.913,0.00181332
169,Intel Core Ultra 9 185H (Meteor Lake),llama.cpp,Q4_K_M,Science,200,13.34,614.9303,478.8624,46.1,7.674,0.00120131
170,Intel Core Ultra 9 185H (Meteor Lake),llama.cpp,Q4_K_M,Science,200,14.3562,506.3906,359.9573,35.27,8.282,0.00160267
171,Intel Core Ultra 9 185H (Meteor Lake),llama.cpp,Q4_K_M,Science,193,15.3046,428.5432,272.4365,28.0,7.721,0.00185177
172,Intel Core Ultra 9 185H (Meteor Lake),llama.cpp,Q4_K_M,Science,175,14.532,532.901,384.6747,36.67,8.211,0.00146885
173,Intel Core Ultra 9 185H (Meteor Lake),llama.cpp,Q4_K_M,Science,168,13.6252,555.7548,416.7776,40.79,8.025,0.00141318
174,Intel Core Ultra 9 185H (Meteor Lake),llama.cpp,Q4_K_M,Science,156,12.2315,478.51,353.749,39.12,7.852,0.00181471
175,Intel Core Ultra 9 185H (Meteor Lake),llama.cpp,Q4_K_M,Science,200,11.6795,462.8504,343.7199,39.63,7.839,0.00195269
176,Intel Core Ultra 9 185H (Meteor Lake),llama.cpp,Q4_K_M,Science,173,12.6315,554.7219,425.8806,43.92,7.746,0.00143991
177,Intel Core Ultra 9 185H (Meteor Lake),llama.cpp,Q4_K_M,Science,200,14.1969,568.8188,424.0105,40.07,7.154,0.00118844
178,Intel Core Ultra 9 185H (Meteor Lake),llama.cpp,Q4_K_M,Science,200,14.0723,587.8763,444.3393,41.78,8.209,0.00131284
179,Intel Core Ultra 9 185H (Meteor Lake),llama.cpp,Q4_K_M,Science,139,9.9302,344.0584,242.7707,34.65,8.13,0.00337239
180,Intel Core Ultra 9 185H (Meteor Lake),llama.cpp,Q4_K_M,Science,163,12.1643,413.696,289.6196,34.01,8.452,0.00239907
181,Intel Core Ultra 9 185H (Meteor Lake),llama.cpp,Q4_K_M,Science,163,15.5477,701.4774,542.8912,45.12,7.734,0.00091628
182,Intel Core Ultra 9 185H (Meteor Lake),llama.cpp,Q4_K_M,Science,176,13.6347,530.5752,391.5016,38.91,8.996,0.00168528
183,Intel Core Ultra 9 185H (Meteor Lake),llama.cpp,Q4_K_M,Science,176,11.0911,398.6664,285.5373,35.94,7.813,0.00246707
184,Intel Core Ultra 9 185H (Meteor Lake),llama.cpp,Q4_K_M,Science,200,17.5049,629.341,450.791,35.95,7.555,0.00095741
185,Intel Core Ultra 9 185H (Meteor Lake),llama.cpp,Q4_K_M,Science,154,13.4508,482.0577,344.8596,35.84,7.493,0.00161535
186,Intel Core Ultra 9 185H (Meteor Lake),llama.cpp,Q4_K_M,Science,183,14.1534,503.7646,359.4003,35.59,7.108,0.00139736
187,Intel Core Ultra 9 185H (Meteor Lake),llama.cpp,Q4_K_M,Science,191,14.1792,471.3035,326.6757,33.24,8.807,0.00190134
188,Intel Core Ultra 9 185H (Meteor Lake),llama.cpp,Q4_K_M,Science,177,12.8751,416.4869,285.161,32.35,8.723,0.00237589
189,Intel Core Ultra 9 185H (Meteor Lake),llama.cpp,Q4_K_M,Science,180,12.2631,462.3257,337.2418,37.7,8.322,0.00201226
190,Intel Core Ultra 9 185H (Meteor Lake),llama.cpp,Q4_K_M,Science,155,17.1068,617.0269,442.5371,36.07,7.544,0.00099651
191,Intel Core Ultra 9 185H (Meteor Lake),llama.cpp,Q4_K_M,Science,180,15.2054,654.4327,499.3371,43.04,8.952,0.00117904
192,Intel Core Ultra 9 185H (Meteor Lake),llama.cpp,Q4_K_M,Science,189,14.8973,591.4466,439.4942,39.7,7.827,0.00119546
193,Intel Core Ultra 9 185H (Meteor Lake),llama.cpp,Q4_K_M,Science,185,14.4797,573.2192,425.5263,39.59,7.87,0.00127729
194,Intel Core Ultra 9 185H (Meteor Lake),llama.cpp,Q4_K_M,Science,190,11.7944,418.1479,297.8454,35.45,8.757,0.00249281
195,Intel Core Ultra 9 185H (Meteor Lake),llama.cpp,Q4_K_M,Science,200,15.6718,595.5877,435.7354,38.0,8.353,0.00122321
196,Intel Core Ultra 9 185H (Meteor Lake),llama.cpp,Q4_K_M,Science,198,12.0667,482.4269,359.3468,39.98,9.155,0.00211133
197,Intel Core Ultra 9 185H (Meteor Lake),llama.cpp,Q4_K_M,Science,179,13.9816,579.3467,436.7345,41.44,8.139,0.0013329
198,Intel Core Ultra 9 185H (Meteor Lake),llama.cpp,Q4_K_M,Science,152,10.713,408.3279,299.0549,38.12,7.804,0.00243587
199,Intel Core Ultra 9 185H (Meteor Lake),llama.cpp,Q4_K_M,Science,164,10.0305,430.555,328.2435,42.92,7.692,0.00233625
200,Intel Core Ultra 9 185H (Meteor Lake),llama.cpp,Q4_K_M,Science,173,14.0411,541.0421,397.8229,38.53,7.05,0.00126211
201,Intel Core Ultra 9 185H (Meteor Lake),llama.cpp,Q4_K_M,Programming-CS,183,12.1245,506.2073,382.5371,41.75,7.865,0.00169574
202,Intel Core Ultra 9 185H (Meteor Lake),llama.cpp,Q4_K_M,Programming-CS,167,10.1184,369.2372,266.0294,36.49,8.605,0.00319675
203,Intel Core Ultra 9 185H (Meteor Lake),llama.cpp,Q4_K_M,Programming-CS,157,14.419,447.9762,300.902,31.07,8.321,0.00191785
204,Intel Core Ultra 9 185H (Meteor Lake),llama.cpp,Q4_K_M,Programming-CS,151,17.1041,677.3285,502.8663,39.6,8.021,0.00093256
205,Intel Core Ultra 9 185H (Meteor Lake),llama.cpp,Q4_K_M,Programming-CS,141,15.8623,657.8683,496.0734,41.47,7.493,0.00095224
206,Intel Core Ultra 9 185H (Meteor Lake),llama.cpp,Q4_K_M,Programming-CS,172,13.0626,533.7221,400.484,40.86,8.128,0.00155371
207,Intel Core Ultra 9 185H (Meteor Lake),llama.cpp,Q4_K_M,Programming-CS,145,13.515,543.723,405.8696,40.23,8.537,0.00155633
208,Intel Core Ultra 9 185H (Meteor Lake),llama.cpp,Q4_K_M,Programming-CS,155,15.0091,556.3993,403.3064,37.07,8.234,0.00136026
209,Intel Core Ultra 9 185H (Meteor Lake),llama.cpp,Q4_K_M,Programming-CS,169,15.4076,542.2301,385.0724,35.19,8.097,0.00136473
210,Intel Core Ultra 9 185H (Meteor Lake),llama.cpp,Q4_K_M,Programming-CS,148,12.916,526.4827,394.7396,40.76,7.596,0.00148986
211,Intel Core Ultra 9 185H (Meteor Lake),llama.cpp,Q4_K_M,Programming-CS,186,13.5581,545.6924,407.3997,40.25,8.461,0.0015318
212,Intel Core Ultra 9 185H (Meteor Lake),llama.cpp,Q4_K_M,Programming-CS,194,14.011,507.2042,364.2916,36.2,6.381,0.00125017
213,Intel Core Ultra 9 185H (Meteor Lake),llama.cpp,Q4_K_M,Programming-CS,165,14.4416,621.6908,474.3866,43.05,8.209,0.00119824
214,Intel Core Ultra 9 185H (Meteor Lake),llama.cpp,Q4_K_M,Programming-CS,168,13.2738,462.9924,327.6,34.88,9.347,0.00214948
215,Intel Core Ultra 9 185H (Meteor Lake),llama.cpp,Q4_K_M,Programming-CS,189,13.2959,480.0808,344.4631,36.11,7.226,0.00157775
216,Intel Core Ultra 9 185H (Meteor Lake),llama.cpp,Q4_K_M,Programming-CS,162,15.8457,716.3744,554.7481,45.21,7.884,0.00089689
217,Intel Core Ultra 9 185H (Meteor Lake),llama.cpp,Q4_K_M,Programming-CS,160,15.5562,654.3116,495.6385,42.06,8.006,0.00103836
218,Intel Core Ultra 9 185H (Meteor Lake),llama.cpp,Q4_K_M,Programming-CS,200,14.3116,529.9894,384.0111,37.03,7.769,0.00141362
219,Intel Core Ultra 9 185H (Meteor Lake),llama.cpp,Q4_K_M,Programming-CS,197,16.4225,651.6157,484.1063,39.68,8.549,0.00107531
220,Intel Core Ultra 9 185H (Meteor Lake),llama.cpp,Q4_K_M,Programming-CS,191,12.843,502.6079,371.6089,39.13,8.256,0.00172988
221,Intel Core Ultra 9 185H (Meteor Lake),llama.cpp,Q4_K_M,Programming-CS,198,16.2591,442.9452,277.1028,27.24,8.089,0.00179539
222,Intel Core Ultra 9 185H (Meteor Lake),llama.cpp,Q4_K_M,Programming-CS,134,14.4223,501.6566,354.5494,34.78,8.425,0.00164763
223,Intel Core Ultra 9 185H (Meteor Lake),llama.cpp,Q4_K_M,Programming-CS,200,19.0607,729.865,535.4455,38.29,8.019,0.00078572
224,Intel Core Ultra 9 185H (Meteor Lake),llama.cpp,Q4_K_M,Programming-CS,186,11.4728,424.9276,307.9053,37.04,9.664,0.00273572
225,Intel Core Ultra 9 185H (Meteor Lake),llama.cpp,Q4_K_M,Programming-CS,200,12.3281,487.1222,361.3755,39.51,8.089,0.00181568
226,Intel Core Ultra 9 185H (Meteor Lake),llama.cpp,Q4_K_M,Programming-CS,186,14.212,612.9741,468.0122,43.13,8.112,0.0012196
227,Intel Core Ultra 9 185H (Meteor Lake),llama.cpp,Q4_K_M,Programming-CS,179,14.1753,527.0617,382.4737,37.18,7.121,0.00131343
228,Intel Core Ultra 9 185H (Meteor Lake),llama.cpp,Q4_K_M,Programming-CS,171,16.8152,574.4693,402.9539,34.16,7.727,0.00114039
229,Intel Core Ultra 9 185H (Meteor Lake),llama.cpp,Q4_K_M,Programming-CS,186,12.3638,492.4721,366.3617,39.83,8.607,0.00190016
230,Intel Core Ultra 9 185H (Meteor Lake),llama.cpp,Q4_K_M,Programming-CS,171,15.0384,558.8382,405.4469,37.16,7.316,0.00119988
231,Intel Core Ultra 9 185H (Meteor Lake),llama.cpp,Q4_K_M,Programming-CS,197,15.4762,585.9306,428.0735,37.86,6.888,0.00103971
232,Intel Core Ultra 9 185H (Meteor Lake),llama.cpp,Q4_K_M,Programming-CS,143,14.6979,548.2865,398.3679,37.3,8.027,0.00137092
233,Intel Core Ultra 9 185H (Meteor Lake),llama.cpp,Q4_K_M,Programming-CS,166,11.8663,565.9224,444.886,47.69,8.723,0.00165235
234,Intel Core Ultra 9 185H (Meteor Lake),llama.cpp,Q4_K_M,Programming-CS,200,15.8932,465.8789,303.7683,29.31,8.032,0.00166368
235,Intel Core Ultra 9 185H (Meteor Lake),llama.cpp,Q4_K_M,Programming-CS,164,15.5899,575.3876,416.3711,36.91,7.835,0.00120703
236,Intel Core Ultra 9 185H (Meteor Lake),llama.cpp,Q4_K_M,Programming-CS,172,14.5193,558.7732,410.6764,38.48,7.044,0.00118134
237,Intel Core Ultra 9 185H (Meteor Lake),llama.cpp,Q4_K_M,Programming-CS,158,13.8474,488.7757,347.5323,35.3,8.245,0.00171328
238,Intel Core Ultra 9 185H (Meteor Lake),llama.cpp,Q4_K_M,Programming-CS,185,13.8844,585.7722,444.1515,42.19,8.354,0.00135468
239,Intel Core Ultra 9 185H (Meteor Lake),llama.cpp,Q4_K_M,Programming-CS,161,13.3661,559.1642,422.8295,41.83,7.083,0.00125327
240,Intel Core Ultra 9 185H (Meteor Lake),llama.cpp,Q4_K_M,Programming-CS,173,14.5893,558.8329,410.0217,38.3,8.6,0.00143766
241,Intel Core Ultra 9 185H (Meteor Lake),llama.cpp,Q4_K_M,Programming-CS,196,13.5529,506.7472,368.5074,37.39,8.408,0.0016835
242,Intel Core Ultra 9 185H (Meteor Lake),llama.cpp,Q4_K_M,Programming-CS,162,12.0575,458.6794,335.6928,38.04,8.599,0.00212446
243,Intel Core Ultra 9 185H (Meteor Lake),llama.cpp,Q4_K_M,Programming-CS,195,11.7174,446.0856,326.5682,38.07,8.313,0.00217247
244,Intel Core Ultra 9 185H (Meteor Lake),llama.cpp,Q4_K_M,Programming-CS,196,12.2215,466.6021,341.9424,38.18,8.35,0.00199806
245,Intel Core Ultra 9 185H (Meteor Lake),llama.cpp,Q4_K_M,Programming-CS,200,13.8776,523.5917,382.04,37.73,8.281,0.00156192
246,Intel Core Ultra 9 185H (Meteor Lake),llama.cpp,Q4_K_M,Programming-CS,181,13.4542,531.9114,394.6788,39.54,8.462,0.00159357
247,Intel Core Ultra 9 185H (Meteor Lake),llama.cpp,Q4_K_M,Programming-CS,200,13.8661,576.6651,435.231,41.59,7.064,0.00117052
248,Intel Core Ultra 9 185H (Meteor Lake),llama.cpp,Q4_K_M,Programming-CS,200,14.3514,480.1389,333.7548,33.46,7.229,0.00150924
249,Intel Core Ultra 9 185H (Meteor Lake),llama.cpp,Q4_K_M,Programming-CS,185,12.4336,425.1315,298.3093,34.19,7.627,0.00205632
250,Intel Core Ultra 9 185H (Meteor Lake),llama.cpp,Q4_K_M,Programming-CS,158,15.9916,501.0347,337.9202,31.33,7.942,0.00146968
251,Intel Core Ultra 9 185H (Meteor Lake),llama.cpp,Q4_K_M,Programming-CS,175,13.0449,548.5668,415.5089,42.05,8.212,0.00151505
252,Intel Core Ultra 9 185H (Meteor Lake),llama.cpp,Q4_K_M,Programming-CS,200,12.7632,504.4814,374.297,39.53,8.179,0.00171208
253,Intel Core Ultra 9 185H (Meteor Lake),llama.cpp,Q4_K_M,Programming-CS,200,14.3201,580.9876,434.923,40.57,8.591,0.00137939
254,Intel Core Ultra 9 185H (Meteor Lake),llama.cpp,Q4_K_M,Programming-CS,200,10.3779,338.7259,232.871,32.64,8.607,0.00356144
255,Intel Core Ultra 9 185H (Meteor Lake),llama.cpp,Q4_K_M,Programming-CS,195,12.1561,556.9713,432.9792,45.82,7.556,0.00143559
256,Intel Core Ultra 9 185H (Meteor Lake),llama.cpp,Q4_K_M,Programming-CS,150,15.1678,546.0979,391.3861,36.0,8.134,0.00137017
257,Intel Core Ultra 9 185H (Meteor Lake),llama.cpp,Q4_K_M,Programming-CS,188,10.5464,413.309,305.7359,39.19,7.569,0.00234741
258,Intel Core Ultra 9 185H (Meteor Lake),llama.cpp,Q4_K_M,Programming-CS,150,15.3999,646.8406,489.7619,42.0,7.912,0.00104902
259,Intel Core Ultra 9 185H (Meteor Lake),llama.cpp,Q4_K_M,Programming-CS,145,16.0689,553.6291,389.726,34.45,8.177,0.00130571
260,Intel Core Ultra 9 185H (Meteor Lake),llama.cpp,Q4_K_M,Programming-CS,183,12.8719,466.7369,335.4433,36.26,6.237,0.00144449
261,Intel Core Ultra 9 185H (Meteor Lake),llama.cpp,Q4_K_M,Programming-CS,189,13.9961,549.1307,406.3707,39.23,9.264,0.00162881
262,Intel Core Ultra 9 185H (Meteor Lake),llama.cpp,Q4_K_M,Programming-CS,197,15.4024,773.4438,616.3388,50.22,8.305,0.00087484
263,Intel Core Ultra 9 185H (Meteor Lake),llama.cpp,Q4_K_M,Programming-CS,188,12.7065,504.8862,375.2803,39.73,7.7,0.00161477
264,Intel Core Ultra 9 185H (Meteor Lake),llama.cpp,Q4_K_M,Programming-CS,189,14.9752,675.1739,522.4267,45.09,9.012,0.00115192
265,Intel Core Ultra 9 185H (Meteor Lake),llama.cpp,Q4_K_M,Programming-CS,156,12.359,536.9173,410.855,43.44,7.829,0.00154182
266,Intel Core Ultra 9 185H (Meteor Lake),llama.cpp,Q4_K_M,Programming-CS,175,12.6881,507.6352,378.2168,40.01,8.079,0.00168353
267,Intel Core Ultra 9 185H (Meteor Lake),llama.cpp,Q4_K_M,Programming-CS,144,12.1411,418.1926,294.3531,34.44,7.757,0.00217053
268,Intel Core Ultra 9 185H (Meteor Lake),llama.cpp,Q4_K_M,Programming-CS,133,14.0825,603.3646,459.7231,42.84,8.869,0.00136993
269,Intel Core Ultra 9 185H (Meteor Lake),llama.cpp,Q4_K_M,Programming-CS,194,15.4685,500.5274,342.7482,32.36,7.955,0.00150043
270,Intel Core Ultra 9 185H (Meteor Lake),llama.cpp,Q4_K_M,Programming-CS,161,13.187,594.2539,459.7464,45.06,8.088,0.00133406
271,Intel Core Ultra 9 185H (Meteor Lake),llama.cpp,Q4_K_M,Programming-CS,197,11.3389,445.8449,330.1883,39.32,8.636,0.00230665
272,Intel Core Ultra 9 185H (Meteor Lake),llama.cpp,Q4_K_M,Programming-CS,200,11.6594,322.1968,203.2709,27.63,8.314,0.00350799
273,Intel Core Ultra 9 185H (Meteor Lake),llama.cpp,Q4_K_M,Programming-CS,164,14.1708,525.793,381.2507,37.1,7.982,0.00147743
274,Intel Core Ultra 9 185H (Meteor Lake),llama.cpp,Q4_K_M,Programming-CS,190,16.635,685.0489,515.372,41.18,8.587,0.00100161
275,Intel Core Ultra 9 185H (Meteor Lake),llama.cpp,Q4_K_M,Programming-CS,163,14.1693,531.7496,387.2224,37.53,9.33,0.00170048
276,Intel Core Ultra 9 185H (Meteor Lake),llama.cpp,Q4_K_M,Programming-CS,137,12.8423,532.0751,401.0838,41.43,8.175,0.00158712
277,Intel Core Ultra 9 185H (Meteor Lake),llama.cpp,Q4_K_M,Programming-CS,180,14.8025,518.3085,367.3229,35.01,8.071,0.00148438
278,Intel Core Ultra 9 185H (Meteor Lake),llama.cpp,Q4_K_M,Programming-CS,167,13.0929,433.9688,300.4217,33.15,8.099,0.00205905
279,Intel Core Ultra 9 185H (Meteor Lake),llama.cpp,Q4_K_M,Programming-CS,168,12.8569,491.2251,360.0846,38.21,8.691,0.00187728
280,Intel Core Ultra 9 185H (Meteor Lake),llama.cpp,Q4_K_M,Programming-CS,200,11.8706,458.5551,337.4748,38.63,7.698,0.0019216
281,Intel Core Ultra 9 185H (Meteor Lake),llama.cpp,Q4_K_M,Programming-CS,144,15.8944,589.2299,427.1073,37.07,7.865,0.00115856
282,Intel Core Ultra 9 185H (Meteor Lake),llama.cpp,Q4_K_M,Programming-CS,186,9.1833,399.7685,306.0983,43.53,7.211,0.00256527
283,Intel Core Ultra 9 185H (Meteor Lake),llama.cpp,Q4_K_M,Programming-CS,156,14.8564,520.1828,368.648,35.01,7.394,0.00135007
284,Intel Core Ultra 9 185H (Meteor Lake),llama.cpp,Q4_K_M,Programming-CS,197,12.7116,505.7194,376.0607,39.78,7.741,0.00161934
285,Intel Core Ultra 9 185H (Meteor Lake),llama.cpp,Q4_K_M,Programming-CS,184,12.8024,496.4609,365.8762,38.78,7.981,0.00170385
286,Intel Core Ultra 9 185H (Meteor Lake),llama.cpp,Q4_K_M,Programming-CS,186,16.3769,525.9857,358.9409,32.12,8.93,0.00151913
287,Intel Core Ultra 9 185H (Meteor Lake),llama.cpp,Q4_K_M,Programming-CS,157,12.286,406.5673,281.2503,33.09,8.289,0.00239883
288,Intel Core Ultra 9 185H (Meteor Lake),llama.cpp,Q4_K_M,Programming-CS,161,12.3439,475.8423,349.9347,38.55,7.536,0.00174463
289,Intel Core Ultra 9 185H (Meteor Lake),llama.cpp,Q4_K_M,Programming-CS,198,13.2783,619.0745,483.6355,46.62,7.631,0.00118828
290,Intel Core Ultra 9 185H (Meteor Lake),llama.cpp,Q4_K_M,Programming-CS,200,14.2035,580.5698,435.6937,40.88,8.725,0.0014099
291,Intel Core Ultra 9 185H (Meteor Lake),llama.cpp,Q4_K_M,Programming-CS,188,12.7488,400.6311,270.5929,31.42,8.596,0.00249178
292,Intel Core Ultra 9 185H (Meteor Lake),llama.cpp,Q4_K_M,Programming-CS,158,10.8244,291.7187,181.3094,26.95,8.025,0.00408902
293,Intel Core Ultra 9 185H (Meteor Lake),llama.cpp,Q4_K_M,Programming-CS,185,12.0283,499.2414,376.5526,41.51,7.78,0.00171771
294,Intel Core Ultra 9 185H (Meteor Lake),llama.cpp,Q4_K_M,Programming-CS,200,15.6783,597.4286,437.5103,38.11,8.595,0.00125302
295,Intel Core Ultra 9 185H (Meteor Lake),llama.cpp,Q4_K_M,Programming-CS,180,13.6271,588.408,449.4114,43.18,7.493,0.00122351
296,Intel Core Ultra 9 185H (Meteor Lake),llama.cpp,Q4_K_M,Programming-CS,200,14.2668,497.7569,352.235,34.89,8.214,0.00163453
297,Intel Core Ultra 9 185H (Meteor Lake),llama.cpp,Q4_K_M,Programming-CS,161,13.0556,521.3861,388.2192,39.94,9.192,0.00181358
298,Intel Core Ultra 9 185H (Meteor Lake),llama.cpp,Q4_K_M,Programming-CS,177,12.3789,519.532,393.2677,41.97,8.117,0.00166735
299,Intel Core Ultra 9 185H (Meteor Lake),llama.cpp,Q4_K_M,Programming-CS,191,16.3519,599.5478,432.7587,36.67,7.607,0.00107498
300,Intel Core Ultra 9 185H (Meteor Lake),llama.cpp,Q4_K_M,Programming-CS,186,13.1801,484.4079,349.9711,36.75,8.223,0.00178271
301,Intel Core Ultra 9 185H (Meteor Lake),llama.cpp,Q4_K_M,Humanities,161,12.7463,492.0517,362.0397,38.6,7.766,0.0016829
302,Intel Core Ultra 9 185H (Meteor Lake),llama.cpp,Q4_K_M,Humanities,160,15.3634,625.6758,468.9687,40.72,7.285,0.00101111
303,Intel Core Ultra 9 185H (Meteor Lake),llama.cpp,Q4_K_M,Humanities,199,12.272,471.7503,346.576,38.44,8.375,0.00196912
304,Intel Core Ultra 9 185H (Meteor Lake),llama.cpp,Q4_K_M,Humanities,200,12.489,530.6983,403.3109,42.49,8.591,0.0017056
305,Intel Core Ultra 9 185H (Meteor Lake),llama.cpp,Q4_K_M,Humanities,200,13.5174,494.8195,356.9419,36.61,7.848,0.00162655
306,Intel Core Ultra 9 185H (Meteor Lake),llama.cpp,Q4_K_M,Humanities,200,13.5005,446.2385,308.5338,33.05,7.814,0.00187595
307,Intel Core Ultra 9 185H (Meteor Lake),llama.cpp,Q4_K_M,Humanities,180,13.9413,649.7445,507.5428,46.61,7.51,0.00106136
308,Intel Core Ultra 9 185H (Meteor Lake),llama.cpp,Q4_K_M,Humanities,171,17.0558,614.3683,440.3988,36.02,7.932,0.001056
309,Intel Core Ultra 9 185H (Meteor Lake),llama.cpp,Q4_K_M,Humanities,200,14.0716,508.9619,365.4314,36.17,7.718,0.00150091
310,Intel Core Ultra 9 185H (Meteor Lake),llama.cpp,Q4_K_M,Humanities,193,9.4573,361.5548,265.0903,38.23,7.484,0.00298519
311,Intel Core Ultra 9 185H (Meteor Lake),llama.cpp,Q4_K_M,Humanities,156,14.0547,544.9775,401.6195,38.78,8.994,0.00159337
312,Intel Core Ultra 9 185H (Meteor Lake),llama.cpp,Q4_K_M,Humanities,155,13.5644,500.7242,362.3674,36.91,8.253,0.00167904
313,Intel Core Ultra 9 185H (Meteor Lake),llama.cpp,Q4_K_M,Humanities,188,13.5739,521.6236,383.1701,38.43,8.308,0.00159735
314,Intel Core Ultra 9 185H (Meteor Lake),llama.cpp,Q4_K_M,Humanities,174,13.9181,533.5782,391.6135,38.34,8.469,0.0015538
315,Intel Core Ultra 9 185H (Meteor Lake),llama.cpp,Q4_K_M,Humanities,177,13.4512,527.5143,390.3116,39.22,8.411,0.00160204
316,Intel Core Ultra 9 185H (Meteor Lake),llama.cpp,Q4_K_M,Humanities,200,13.4106,386.6841,249.8964,28.83,7.795,0.002326
317,Intel Core Ultra 9 185H (Meteor Lake),llama.cpp,Q4_K_M,Humanities,194,14.5422,672.0171,523.6869,46.21,8.152,0.00107044
318,Intel Core Ultra 9 185H (Meteor Lake),llama.cpp,Q4_K_M,Humanities,200,12.5785,476.6749,348.3746,37.9,7.87,0.00179598
319,Intel Core Ultra 9 185H (Meteor Lake),llama.cpp,Q4_K_M,Humanities,135,11.8889,486.0262,364.759,40.88,8.238,0.00189965
320,Intel Core Ultra 9 185H (Meteor Lake),llama.cpp,Q4_K_M,Humanities,183,18.6404,612.3341,422.2017,32.85,8.188,0.0010404
321,Intel Core Ultra 9 185H (Meteor Lake),llama.cpp,Q4_K_M,Humanities,193,12.283,449.1773,323.8903,36.57,7.811,0.00196337
322,Intel Core Ultra 9 185H (Meteor Lake),llama.cpp,Q4_K_M,Humanities,144,13.6702,488.6224,349.1859,35.74,7.319,0.00153327
323,Intel Core Ultra 9 185H (Meteor Lake),llama.cpp,Q4_K_M,Humanities,163,10.9574,487.8867,376.1215,44.53,8.086,0.001962
324,Intel Core Ultra 9 185H (Meteor Lake),llama.cpp,Q4_K_M,Humanities,159,13.698,494.4725,354.753,36.1,7.904,0.00162654
325,Intel Core Ultra 9 185H (Meteor Lake),llama.cpp,Q4_K_M,Humanities,178,11.9135,495.6991,374.1813,41.61,7.027,0.00157633
326,Intel Core Ultra 9 185H (Meteor Lake),llama.cpp,Q4_K_M,Humanities,200,12.7478,456.7953,326.7678,35.83,8.274,0.00198628
327,Intel Core Ultra 9 185H (Meteor Lake),llama.cpp,Q4_K_M,Humanities,200,15.2766,559.8001,403.9787,36.64,8.512,0.00137926
328,Intel Core Ultra 9 185H (Meteor Lake),llama.cpp,Q4_K_M,Humanities,160,14.3024,536.244,390.3593,37.49,9.325,0.00167022
329,Intel Core Ultra 9 185H (Meteor Lake),llama.cpp,Q4_K_M,Humanities,189,14.4663,633.0996,485.5434,43.76,7.807,0.00111147
330,Intel Core Ultra 9 185H (Meteor Lake),llama.cpp,Q4_K_M,Humanities,190,10.489,322.5521,215.5648,30.75,7.73,0.00341877
331,Intel Core Ultra 9 185H (Meteor Lake),llama.cpp,Q4_K_M,Humanities,186,16.6227,550.3082,380.7564,33.11,7.433,0.0011744
332,Intel Core Ultra 9 185H (Meteor Lake),llama.cpp,Q4_K_M,Humanities,186,11.4738,350.1351,233.1023,30.52,8.118,0.00303525
333,Intel Core Ultra 9 185H (Meteor Lake),llama.cpp,Q4_K_M,Humanities,184,16.0986,548.0147,383.8095,34.04,8.115,0.00131337
334,Intel Core Ultra 9 185H (Meteor Lake),llama.cpp,Q4_K_M,Humanities,200,15.2366,535.9093,380.4957,35.17,7.588,0.00130885
335,Intel Core Ultra 9 185H (Meteor Lake),llama.cpp,Q4_K_M,Humanities,200,14.4815,461.6782,313.9673,31.88,7.919,0.0017417
336,Intel Core Ultra 9 185H (Meteor Lake),llama.cpp,Q4_K_M,Humanities,154,12.0465,427.5311,304.6566,35.49,6.981,0.00190215
337,Intel Core Ultra 9 185H (Meteor Lake),llama.cpp,Q4_K_M,Humanities,195,13.7577,416.0284,275.6998,30.24,8.492,0.00223886
338,Intel Core Ultra 9 185H (Meteor Lake),llama.cpp,Q4_K_M,Humanities,197,12.6994,435.9239,306.3897,34.33,7.609,0.00195555
339,Intel Core Ultra 9 185H (Meteor Lake),llama.cpp,Q4_K_M,Humanities,184,13.5494,588.3369,450.1333,43.42,7.992,0.00131037
340,Intel Core Ultra 9 185H (Meteor Lake),llama.cpp,Q4_K_M,Humanities,200,13.0752,525.0316,391.6644,40.15,7.268,0.00141923
341,Intel Core Ultra 9 185H (Meteor Lake),llama.cpp,Q4_K_M,Humanities,182,10.0344,394.0355,291.685,39.27,7.707,0.00263319
342,Intel Core Ultra 9 185H (Meteor Lake),llama.cpp,Q4_K_M,Humanities,182,15.407,529.8264,372.6747,34.39,7.865,0.00136978
343,Intel Core Ultra 9 185H (Meteor Lake),llama.cpp,Q4_K_M,Humanities,180,13.3621,430.2876,293.994,32.2,8.004,0.00203748
344,Intel Core Ultra 9 185H (Meteor Lake),llama.cpp,Q4_K_M,Humanities,133,12.6758,428.8168,299.5232,33.83,8.259,0.00217531
345,Intel Core Ultra 9 185H (Meteor Lake),llama.cpp,Q4_K_M,Humanities,176,12.5474,480.8537,352.8697,38.32,8.758,0.00197804
346,Intel Core Ultra 9 185H (Meteor Lake),llama.cpp,Q4_K_M,Humanities,163,14.1094,593.4339,449.5182,42.06,8.391,0.001323
347,Intel Core Ultra 9 185H (Meteor Lake),llama.cpp,Q4_K_M,Humanities,151,11.9806,505.5784,383.3761,42.2,8.51,0.00185279
348,Intel Core Ultra 9 185H (Meteor Lake),llama.cpp,Q4_K_M,Humanities,200,9.6662,397.1408,298.5456,41.09,8.762,0.00303624
349,Intel Core Ultra 9 185H (Meteor Lake),llama.cpp,Q4_K_M,Humanities,189,14.1921,503.4799,358.7203,35.48,8.306,0.00163151
350,Intel Core Ultra 9 185H (Meteor Lake),llama.cpp,Q4_K_M,Humanities,177,14.3825,555.1729,408.4717,38.6,7.991,0.00136021
351,Intel Core Ultra 9 185H (Meteor Lake),llama.cpp,Q4_K_M,Humanities,165,13.1606,489.3449,355.1065,37.18,8.535,0.00182628
352,Intel Core Ultra 9 185H (Meteor Lake),llama.cpp,Q4_K_M,Humanities,184,11.5486,435.0936,317.2982,37.68,8.568,0.00233821
353,Intel Core Ultra 9 185H (Meteor Lake),llama.cpp,Q4_K_M,Humanities,199,13.6512,639.5886,500.3465,46.85,8.347,0.00122205
354,Intel Core Ultra 9 185H (Meteor Lake),llama.cpp,Q4_K_M,Humanities,159,11.0103,344.3558,232.0508,31.28,7.254,0.0028392
355,Intel Core Ultra 9 185H (Meteor Lake),llama.cpp,Q4_K_M,Humanities,177,11.7537,441.2086,321.3208,37.54,7.572,0.00200492
356,Intel Core Ultra 9 185H (Meteor Lake),llama.cpp,Q4_K_M,Humanities,197,12.2238,531.3468,406.6639,43.47,7.867,0.00158258
357,Intel Core Ultra 9 185H (Meteor Lake),llama.cpp,Q4_K_M,Humanities,135,14.9347,485.226,332.8921,32.49,8.415,0.0016926
358,Intel Core Ultra 9 185H (Meteor Lake),llama.cpp,Q4_K_M,Humanities,176,12.8836,462.0127,330.6004,35.86,7.999,0.001878
359,Intel Core Ultra 9 185H (Meteor Lake),llama.cpp,Q4_K_M,Humanities,168,12.7386,462.8063,332.8723,36.33,8.601,0.00202838
360,Intel Core Ultra 9 185H (Meteor Lake),llama.cpp,Q4_K_M,Humanities,175,16.823,632.2834,460.689,37.58,8.694,0.00112178
361,Intel Core Ultra 9 185H (Meteor Lake),llama.cpp,Q4_K_M,Humanities,166,14.0992,450.5617,306.75,31.96,8.634,0.00199633
362,Intel Core Ultra 9 185H (Meteor Lake),llama.cpp,Q4_K_M,Humanities,181,14.0763,576.2928,432.7146,40.94,8.637,0.00141799
363,Intel Core Ultra 9 185H (Meteor Lake),llama.cpp,Q4_K_M,Humanities,200,12.8715,530.7152,399.4258,41.23,7.471,0.00145316
364,Intel Core Ultra 9 185H (Meteor Lake),llama.cpp,Q4_K_M,Humanities,170,12.4862,506.7429,379.384,40.58,8.261,0.00174391
365,Intel Core Ultra 9 185H (Meteor Lake),llama.cpp,Q4_K_M,Humanities,184,9.7831,341.7384,241.9506,34.93,7.694,0.00325049
366,Intel Core Ultra 9 185H (Meteor Lake),llama.cpp,Q4_K_M,Humanities,200,15.1469,588.5266,434.0286,38.85,7.152,0.00108789
367,Intel Core Ultra 9 185H (Meteor Lake),llama.cpp,Q4_K_M,Humanities,165,14.2621,496.4974,351.0237,34.81,7.861,0.00157021
368,Intel Core Ultra 9 185H (Meteor Lake),llama.cpp,Q4_K_M,Humanities,200,13.1954,490.0297,355.4364,37.14,8.699,0.00185475
369,Intel Core Ultra 9 185H (Meteor Lake),llama.cpp,Q4_K_M,Humanities,178,13.2667,627.9032,492.5827,47.33,8.25,0.00126244
370,Intel Core Ultra 9 185H (Meteor Lake),llama.cpp,Q4_K_M,Humanities,200,14.7514,573.7184,423.2536,38.89,9.059,0.00145093
371,Intel Core Ultra 9 185H (Meteor Lake),llama.cpp,Q4_K_M,Humanities,194,10.857,365.1331,254.3917,33.63,8.102,0.00293346
372,Intel Core Ultra 9 185H (Meteor Lake),llama.cpp,Q4_K_M,Humanities,184,12.4972,490.3824,362.9109,39.24,9.283,0.0020468
373,Intel Core Ultra 9 185H (Meteor Lake),llama.cpp,Q4_K_M,Humanities,176,11.5683,381.2633,263.2668,32.96,8.102,0.00266028
374,Intel Core Ultra 9 185H (Meteor Lake),llama.cpp,Q4_K_M,Humanities,164,16.5116,554.5254,386.1074,33.58,8.022,0.00125831
375,Intel Core Ultra 9 185H (Meteor Lake),llama.cpp,Q4_K_M,Humanities,179,14.9886,513.0812,360.1973,34.23,7.345,0.00136047
376,Intel Core Ultra 9 185H (Meteor Lake),llama.cpp,Q4_K_M,Humanities,197,9.7554,357.8126,258.3073,36.68,8.587,0.00340768
377,Intel Core Ultra 9 185H (Meteor Lake),llama.cpp,Q4_K_M,Humanities,177,10.9266,462.6497,351.1983,42.34,7.749,0.00201933
378,Intel Core Ultra 9 185H (Meteor Lake),llama.cpp,Q4_K_M,Humanities,171,13.275,542.5688,407.1636,40.87,7.674,0.00141977
379,Intel Core Ultra 9 185H (Meteor Lake),llama.cpp,Q4_K_M,Humanities,172,12.6969,516.0544,386.5465,40.64,8.676,0.00176775
380,Intel Core Ultra 9 185H (Meteor Lake),llama.cpp,Q4_K_M,Humanities,199,11.2486,382.3878,267.6526,33.99,8.612,0.00286046
381,Intel Core Ultra 9 185H (Meteor Lake),llama.cpp,Q4_K_M,Humanities,200,16.8061,609.7354,438.3132,36.28,8.599,0.00116734
382,Intel Core Ultra 9 185H (Meteor Lake),llama.cpp,Q4_K_M,Humanities,163,14.0313,555.8535,412.7341,39.62,7.822,0.00135067
383,Intel Core Ultra 9 185H (Meteor Lake),llama.cpp,Q4_K_M,Humanities,163,14.3072,513.9698,368.0365,35.92,7.983,0.00151608
384,Intel Core Ultra 9 185H (Meteor Lake),llama.cpp,Q4_K_M,Humanities,186,12.3236,460.3927,334.6922,37.36,7.979,0.00193449
385,Intel Core Ultra 9 185H (Meteor Lake),llama.cpp,Q4_K_M,Humanities,200,14.7279,593.674,443.4497,40.31,8.417,0.00128876
386,Intel Core Ultra 9 185H (Meteor Lake),llama.cpp,Q4_K_M,Humanities,200,12.8533,476.4709,345.3676,37.07,8.818,0.00198644
387,Intel Core Ultra 9 185H (Meteor Lake),llama.cpp,Q4_K_M,Humanities,150,13.0183,513.2711,380.4843,39.43,8.201,0.00165568
388,Intel Core Ultra 9 185H (Meteor Lake),llama.cpp,Q4_K_M,Humanities,172,14.5387,654.6805,506.3858,45.03,9.037,0.00122749
389,Intel Core Ultra 9 185H (Meteor Lake),llama.cpp,Q4_K_M,Humanities,157,10.7307,405.571,296.1178,37.8,8.477,0.00266778
390,Intel Core Ultra 9 185H (Meteor Lake),llama.cpp,Q4_K_M,Humanities,172,16.2149,702.6794,537.2869,43.34,7.888,0.00090541
391,Intel Core Ultra 9 185H (Meteor Lake),llama.cpp,Q4_K_M,Humanities,200,13.8101,563.3596,422.497,40.79,8.441,0.00144669
392,Intel Core Ultra 9 185H (Meteor Lake),llama.cpp,Q4_K_M,Humanities,146,15.6776,509.2762,349.3646,32.48,8.897,0.00162437
393,Intel Core Ultra 9 185H (Meteor Lake),llama.cpp,Q4_K_M,Humanities,142,11.6718,396.6218,277.5695,33.98,9.049,0.00279313
394,Intel Core Ultra 9 185H (Meteor Lake),llama.cpp,Q4_K_M,Humanities,159,11.9306,418.5531,296.8607,35.08,8.627,0.00243581
395,Intel Core Ultra 9 185H (Meteor Lake),llama.cpp,Q4_K_M,Humanities,184,11.5248,403.3114,285.7587,35.0,8.023,0.00243616
396,Intel Core Ultra 9 185H (Meteor Lake),llama.cpp,Q4_K_M,Humanities,191,13.9255,530.9769,388.9368,38.13,7.897,0.00145805
397,Intel Core Ultra 9 185H (Meteor Lake),llama.cpp,Q4_K_M,Humanities,187,13.6122,558.3718,419.5277,41.02,8.31,0.00145517
398,Intel Core Ultra 9 185H (Meteor Lake),llama.cpp,Q4_K_M,Humanities,200,12.7105,554.7644,425.1173,43.65,8.88,0.00164339
399,Intel Core Ultra 9 185H (Meteor Lake),llama.cpp,Q4_K_M,Humanities,139,11.7761,468.2585,348.1424,39.76,8.236,0.0020089
400,Intel Core Ultra 9 185H (Meteor Lake),llama.cpp,Q4_K_M,Humanities,200,11.3468,416.1174,300.3802,36.67,8.246,0.00241935
401,Intel Core Ultra 9 185H (Meteor Lake),llama.cpp,Q4_K_M,Meta-cognition,171,13.4176,402.0283,265.169,29.96,8.037,0.0022589
402,Intel Core Ultra 9 185H (Meteor Lake),llama.cpp,Q4_K_M,Meta-cognition,194,12.7085,492.9554,363.3287,38.79,7.839,0.00169772
403,Intel Core Ultra 9 185H (Meteor Lake),llama.cpp,Q4_K_M,Meta-cognition,148,12.3345,476.1803,350.3687,38.61,7.926,0.00183404
404,Intel Core Ultra 9 185H (Meteor Lake),llama.cpp,Q4_K_M,Meta-cognition,178,16.1301,633.1047,468.5781,39.25,8.08,0.00106904
405,Intel Core Ultra 9 185H (Meteor Lake),llama.cpp,Q4_K_M,Meta-cognition,183,13.36,629.7336,493.4611,47.14,8.903,0.00135044
406,Intel Core Ultra 9 185H (Meteor Lake),llama.cpp,Q4_K_M,Meta-cognition,200,15.6591,682.5233,522.8008,43.59,7.885,0.00096316
407,Intel Core Ultra 9 185H (Meteor Lake),llama.cpp,Q4_K_M,Meta-cognition,143,12.5935,525.3839,396.9305,41.72,8.037,0.00160781
408,Intel Core Ultra 9 185H (Meteor Lake),llama.cpp,Q4_K_M,Meta-cognition,178,13.9161,480.8782,338.9338,34.56,7.56,0.00160283
409,Intel Core Ultra 9 185H (Meteor Lake),llama.cpp,Q4_K_M,Meta-cognition,154,13.4057,487.9232,351.1851,36.4,8.383,0.00178063
410,Intel Core Ultra 9 185H (Meteor Lake),llama.cpp,Q4_K_M,Meta-cognition,189,10.614,404.5132,296.25,38.11,8.721,0.00277349
411,Intel Core Ultra 9 185H (Meteor Lake),llama.cpp,Q4_K_M,Meta-cognition,195,15.9282,562.5964,400.129,35.32,8.855,0.00138938
412,Intel Core Ultra 9 185H (Meteor Lake),llama.cpp,Q4_K_M,Meta-cognition,200,13.2702,538.1335,402.777,40.55,8.116,0.00151844
413,Intel Core Ultra 9 185H (Meteor Lake),llama.cpp,Q4_K_M,Meta-cognition,166,14.7689,590.2148,439.5719,39.96,8.309,0.00127988
414,Intel Core Ultra 9 185H (Meteor Lake),llama.cpp,Q4_K_M,Meta-cognition,198,12.2216,415.9964,291.3366,34.04,7.93,0.00222716
415,Intel Core Ultra 9 185H (Meteor Lake),llama.cpp,Q4_K_M,Meta-cognition,200,13.2198,573.8296,438.988,43.41,8.285,0.00142763
416,Intel Core Ultra 9 185H (Meteor Lake),llama.cpp,Q4_K_M,Meta-cognition,141,12.0264,468.0592,345.3905,38.92,8.173,0.0019676
417,Intel Core Ultra 9 185H (Meteor Lake),llama.cpp,Q4_K_M,Meta-cognition,191,15.6012,490.0462,330.914,31.41,8.04,0.00155734
418,Intel Core Ultra 9 185H (Meteor Lake),llama.cpp,Q4_K_M,Meta-cognition,199,14.0294,537.1785,394.0786,38.29,8.082,0.00146183
419,Intel Core Ultra 9 185H (Meteor Lake),llama.cpp,Q4_K_M,Meta-cognition,172,14.124,560.0579,415.9932,39.65,8.245,0.00140329
420,Intel Core Ultra 9 185H (Meteor Lake),llama.cpp,Q4_K_M,Meta-cognition,151,15.8089,671.6962,510.4453,42.49,7.857,0.00097366
421,Intel Core Ultra 9 185H (Meteor Lake),llama.cpp,Q4_K_M,Meta-cognition,198,15.4658,574.0333,416.2823,37.12,7.884,0.00122458
422,Intel Core Ultra 9 185H (Meteor Lake),llama.cpp,Q4_K_M,Meta-cognition,151,14.8011,620.0846,469.1136,41.89,8.898,0.00128151
423,Intel Core Ultra 9 185H (Meteor Lake),llama.cpp,Q4_K_M,Meta-cognition,174,11.0831,435.2018,322.1545,39.27,9.419,0.00263804
424,Intel Core Ultra 9 185H (Meteor Lake),llama.cpp,Q4_K_M,Meta-cognition,177,12.3173,407.8061,282.1692,33.11,7.384,0.00212454
425,Intel Core Ultra 9 185H (Meteor Lake),llama.cpp,Q4_K_M,Meta-cognition,193,11.7934,385.6181,265.3255,32.7,7.355,0.00235053
426,Intel Core Ultra 9 185H (Meteor Lake),llama.cpp,Q4_K_M,Meta-cognition,164,14.7368,635.1932,484.8777,43.1,7.512,0.00105128
427,Intel Core Ultra 9 185H (Meteor Lake),llama.cpp,Q4_K_M,Meta-cognition,162,13.7901,598.5395,457.8803,43.4,7.956,0.00126001
428,Intel Core Ultra 9 185H (Meteor Lake),llama.cpp,Q4_K_M,Meta-cognition,180,11.1361,443.4844,329.8959,39.82,8.476,0.00230717
429,Intel Core Ultra 9 185H (Meteor Lake),llama.cpp,Q4_K_M,Meta-cognition,200,13.1791,588.2164,453.7892,44.63,8.317,0.00139067
430,Intel Core Ultra 9 185H (Meteor Lake),llama.cpp,Q4_K_M,Meta-cognition,200,10.96,469.4402,357.6481,42.83,8.099,0.00206616
431,Intel Core Ultra 9 185H (Meteor Lake),llama.cpp,Q4_K_M,Meta-cognition,144,13.4096,553.8565,417.0782,41.3,8.285,0.00148135
432,Intel Core Ultra 9 185H (Meteor Lake),llama.cpp,Q4_K_M,Meta-cognition,184,10.6859,371.4794,262.4836,34.76,7.65,0.0027274
433,Intel Core Ultra 9 185H (Meteor Lake),llama.cpp,Q4_K_M,Meta-cognition,154,14.399,656.5783,509.7084,45.6,7.883,0.00107408
434,Intel Core Ultra 9 185H (Meteor Lake),llama.cpp,Q4_K_M,Meta-cognition,200,14.1425,575.5848,431.3309,40.7,8.0,0.00131145
435,Intel Core Ultra 9 185H (Meteor Lake),llama.cpp,Q4_K_M,Meta-cognition,157,16.7435,618.138,447.3542,36.92,7.186,0.00095938
436,Intel Core Ultra 9 185H (Meteor Lake),llama.cpp,Q4_K_M,Meta-cognition,163,14.9414,534.3053,381.9032,35.76,7.406,0.0012979
437,Intel Core Ultra 9 185H (Meteor Lake),llama.cpp,Q4_K_M,Meta-cognition,165,12.781,505.5263,375.1597,39.55,7.427,0.00154893
438,Intel Core Ultra 9 185H (Meteor Lake),llama.cpp,Q4_K_M,Meta-cognition,176,14.8907,471.2713,319.3859,31.65,8.407,0.0017677
439,Intel Core Ultra 9 185H (Meteor Lake),llama.cpp,Q4_K_M,Meta-cognition,185,11.124,460.1838,346.7193,41.37,8.138,0.00210999
440,Intel Core Ultra 9 185H (Meteor Lake),llama.cpp,Q4_K_M,Meta-cognition,188,11.8638,410.373,289.3623,34.59,8.328,0.00242591
441,Intel Core Ultra 9 185H (Meteor Lake),llama.cpp,Q4_K_M,Meta-cognition,177,14.0663,562.9279,419.4512,40.02,7.053,0.00119539
442,Intel Core Ultra 9 185H (Meteor Lake),llama.cpp,Q4_K_M,Meta-cognition,148,9.831,357.4676,257.1917,36.36,7.239,0.00286302
443,Intel Core Ultra 9 185H (Meteor Lake),llama.cpp,Q4_K_M,Meta-cognition,194,13.4368,502.7507,365.6951,37.42,8.355,0.00170032
444,Intel Core Ultra 9 185H (Meteor Lake),llama.cpp,Q4_K_M,Meta-cognition,176,11.7656,416.4614,296.4527,35.4,6.565,0.00188221
445,Intel Core Ultra 9 185H (Meteor Lake),llama.cpp,Q4_K_M,Meta-cognition,200,13.6722,517.3427,377.886,37.84,8.647,0.00167365
446,Intel Core Ultra 9 185H (Meteor Lake),llama.cpp,Q4_K_M,Meta-cognition,162,11.6678,539.5966,420.5846,46.25,7.062,0.00143908
447,Intel Core Ultra 9 185H (Meteor Lake),llama.cpp,Q4_K_M,Meta-cognition,142,14.2212,628.2757,483.2193,44.18,8.449,0.00122949
448,Intel Core Ultra 9 185H (Meteor Lake),llama.cpp,Q4_K_M,Meta-cognition,177,13.5329,540.6831,402.648,39.95,7.548,0.00138521
449,Intel Core Ultra 9 185H (Meteor Lake),llama.cpp,Q4_K_M,Meta-cognition,200,15.8806,609.757,447.7747,38.4,8.555,0.00120308
450,Intel Core Ultra 9 185H (Meteor Lake),llama.cpp,Q4_K_M,Meta-cognition,181,13.5114,566.9569,429.1402,41.96,9.678,0.00166911
451,Intel Core Ultra 9 185H (Meteor Lake),llama.cpp,Q4_K_M,Meta-cognition,173,12.1933,525.9324,401.5607,43.13,6.828,0.00139451
452,Intel Core Ultra 9 185H (Meteor Lake),llama.cpp,Q4_K_M,Meta-cognition,158,13.0803,459.0888,325.6698,35.1,8.372,0.00196532
453,Intel Core Ultra 9 185H (Meteor Lake),llama.cpp,Q4_K_M,Meta-cognition,200,11.2148,428.209,313.8181,38.18,7.07,0.00200886
454,Intel Core Ultra 9 185H (Meteor Lake),llama.cpp,Q4_K_M,Meta-cognition,155,14.1904,440.3287,295.5863,31.03,8.232,0.00196257
455,Intel Core Ultra 9 185H (Meteor Lake),llama.cpp,Q4_K_M,Meta-cognition,162,14.5027,625.1368,477.2088,43.1,7.902,0.00114177
456,Intel Core Ultra 9 185H (Meteor Lake),llama.cpp,Q4_K_M,Meta-cognition,190,17.6976,831.1977,650.6818,46.97,8.077,0.0007014
457,Intel Core Ultra 9 185H (Meteor Lake),llama.cpp,Q4_K_M,Meta-cognition,137,12.4429,483.1363,356.2189,38.83,7.536,0.00170021
458,Intel Core Ultra 9 185H (Meteor Lake),llama.cpp,Q4_K_M,Meta-cognition,200,13.0447,388.5699,255.5135,29.79,8.416,0.00252497
459,Intel Core Ultra 9 185H (Meteor Lake),llama.cpp,Q4_K_M,Meta-cognition,191,12.5212,513.3252,385.6088,41.0,7.257,0.00150302
460,Intel Core Ultra 9 185H (Meteor Lake),llama.cpp,Q4_K_M,Meta-cognition,197,13.8606,482.2549,340.8768,34.79,8.656,0.00183205
461,Intel Core Ultra 9 185H (Meteor Lake),llama.cpp,Q4_K_M,Meta-cognition,190,14.1489,506.2505,361.932,35.78,7.797,0.00152258
462,Intel Core Ultra 9 185H (Meteor Lake),llama.cpp,Q4_K_M,Meta-cognition,174,13.4093,550.7045,413.93,41.07,7.281,0.00131177
463,Intel Core Ultra 9 185H (Meteor Lake),llama.cpp,Q4_K_M,Meta-cognition,154,15.3468,606.867,450.3301,39.54,8.839,0.00127896
464,Intel Core Ultra 9 185H (Meteor Lake),llama.cpp,Q4_K_M,Meta-cognition,174,12.4511,454.4509,327.4493,36.5,7.975,0.00195604
465,Intel Core Ultra 9 185H (Meteor Lake),llama.cpp,Q4_K_M,Meta-cognition,156,15.1765,543.8743,389.074,35.84,9.002,0.00152453
466,Intel Core Ultra 9 185H (Meteor Lake),llama.cpp,Q4_K_M,Meta-cognition,188,14.4154,562.432,415.3945,39.02,8.645,0.0014437
467,Intel Core Ultra 9 185H (Meteor Lake),llama.cpp,Q4_K_M,Meta-cognition,195,13.4795,496.3331,358.8417,36.82,7.595,0.00157018
468,Intel Core Ultra 9 185H (Meteor Lake),llama.cpp,Q4_K_M,Meta-cognition,200,12.9646,440.176,307.937,33.95,7.966,0.00199535
469,Intel Core Ultra 9 185H (Meteor Lake),llama.cpp,Q4_K_M,Meta-cognition,186,17.6253,654.5431,474.7647,37.14,8.073,0.00096476
470,Intel Core Ultra 9 185H (Meteor Lake),llama.cpp,Q4_K_M,Meta-cognition,198,12.1111,483.1394,359.6063,39.89,8.804,0.00202148
471,Intel Core Ultra 9 185H (Meteor Lake),llama.cpp,Q4_K_M,Meta-cognition,171,14.0065,529.0219,386.1557,37.77,8.238,0.00152311
472,Intel Core Ultra 9 185H (Meteor Lake),llama.cpp,Q4_K_M,Meta-cognition,167,12.2246,399.8017,275.1105,32.7,8.102,0.00240907
473,Intel Core Ultra 9 185H (Meteor Lake),llama.cpp,Q4_K_M,Meta-cognition,188,16.5356,703.6733,535.0106,42.56,7.906,0.00089367
474,Intel Core Ultra 9 185H (Meteor Lake),llama.cpp,Q4_K_M,Meta-cognition,169,15.0076,409.2705,256.1929,27.27,7.984,0.00207655
475,Intel Core Ultra 9 185H (Meteor Lake),llama.cpp,Q4_K_M,Meta-cognition,183,12.3468,452.7561,326.8187,36.67,8.688,0.00215307
476,Intel Core Ultra 9 185H (Meteor Lake),llama.cpp,Q4_K_M,Meta-cognition,154,14.3714,516.7555,370.1671,35.96,8.012,0.00150606
477,Intel Core Ultra 9 185H (Meteor Lake),llama.cpp,Q4_K_M,Meta-cognition,158,13.9381,545.084,402.9156,39.11,7.805,0.00138981
478,Intel Core Ultra 9 185H (Meteor Lake),llama.cpp,Q4_K_M,Meta-cognition,191,12.6217,515.0024,386.2607,40.8,7.716,0.00158268
479,Intel Core Ultra 9 185H (Meteor Lake),llama.cpp,Q4_K_M,Meta-cognition,197,14.7889,637.6926,486.846,43.12,7.722,0.00107251
480,Intel Core Ultra 9 185H (Meteor Lake),llama.cpp,Q4_K_M,Meta-cognition,156,14.1618,503.8653,359.4148,35.58,7.281,0.00143046
481,Intel Core Ultra 9 185H (Meteor Lake),llama.cpp,Q4_K_M,Meta-cognition,192,13.8667,567.2167,425.7765,40.9,7.62,0.00129063
482,Intel Core Ultra 9 185H (Meteor Lake),llama.cpp,Q4_K_M,Meta-cognition,166,13.4287,527.7877,390.8146,39.3,8.789,0.00167469
483,Intel Core Ultra 9 185H (Meteor Lake),llama.cpp,Q4_K_M,Meta-cognition,178,14.2328,448.0866,302.9121,31.48,7.903,0.0018331
484,Intel Core Ultra 9 185H (Meteor Lake),llama.cpp,Q4_K_M,Meta-cognition,200,13.89,642.997,501.3194,46.29,8.376,0.00120288
485,Intel Core Ultra 9 185H (Meteor Lake),llama.cpp,Q4_K_M,Meta-cognition,195,13.6005,443.3889,304.6642,32.6,6.721,0.00162203
486,Intel Core Ultra 9 185H (Meteor Lake),llama.cpp,Q4_K_M,Meta-cognition,195,12.4103,499.1404,372.5556,40.22,8.306,0.00179647
487,Intel Core Ultra 9 185H (Meteor Lake),llama.cpp,Q4_K_M,Meta-cognition,200,16.3794,656.795,489.7251,40.1,7.926,0.00098811
488,Intel Core Ultra 9 185H (Meteor Lake),llama.cpp,Q4_K_M,Meta-cognition,162,11.7143,464.2385,344.7527,39.63,7.76,0.00192149
489,Intel Core Ultra 9 185H (Meteor Lake),llama.cpp,Q4_K_M,Meta-cognition,156,14.227,518.8898,373.7746,36.47,8.104,0.00152397
490,Intel Core Ultra 9 185H (Meteor Lake),llama.cpp,Q4_K_M,Meta-cognition,162,12.9556,542.7322,410.5852,41.89,7.752,0.00145731
491,Intel Core Ultra 9 185H (Meteor Lake),llama.cpp,Q4_K_M,Meta-cognition,172,16.4912,529.4096,361.1991,32.1,6.906,0.00115938
492,Intel Core Ultra 9 185H (Meteor Lake),llama.cpp,Q4_K_M,Meta-cognition,126,11.9641,457.388,335.3544,38.23,8.49,0.00211604
493,Intel Core Ultra 9 185H (Meteor Lake),llama.cpp,Q4_K_M,Meta-cognition,173,12.2501,443.3063,318.3558,36.19,8.136,0.00208622
494,Intel Core Ultra 9 185H (Meteor Lake),llama.cpp,Q4_K_M,Meta-cognition,166,11.8513,423.3653,302.4819,35.72,7.847,0.00218896
495,Intel Core Ultra 9 185H (Meteor Lake),llama.cpp,Q4_K_M,Meta-cognition,195,14.0499,565.6186,422.3097,40.26,7.508,0.00126538
496,Intel Core Ultra 9 185H (Meteor Lake),llama.cpp,Q4_K_M,Meta-cognition,185,11.1658,479.2106,365.3193,42.92,7.246,0.00177638
497,Intel Core Ultra 9 185H (Meteor Lake),llama.cpp,Q4_K_M,Meta-cognition,164,12.6865,470.576,341.1737,37.09,8.126,0.00187741
498,Intel Core Ultra 9 185H (Meteor Lake),llama.cpp,Q4_K_M,Meta-cognition,190,9.841,410.3766,309.9986,41.7,8.849,0.00290066
499,Intel Core Ultra 9 185H (Meteor Lake),llama.cpp,Q4_K_M,Meta-cognition,193,13.9087,538.3221,396.4532,38.7,8.116,0.00147185
500,Intel Core Ultra 9 185H (Meteor Lake),llama.cpp,Q4_K_M,Meta-cognition,161,12.6496,440.7107,311.6844,34.84,7.291,0.00184924
