Model,ID,Category,Prompt,Latency_s,Gross_Energy_J,Net_Energy_J,Power_W,Prompt_Tokens,Completion_Tokens,Response,Status,Note
GPT-4o,1,Mathematics,"Explain how to solve a quadratic equation using the quadratic formula, and walk through the steps for solving 2x² + 5x - 3 = 0.",3.6428,233.3678,0.01,64.0619,,,"ERROR: Error code: 429 - {'error': {'message': 'You exceeded your current quota, please check your plan and billing details. For more information on this error, read the docs: https://platform.openai.com/docs/guides/error-codes/api-errors.', 'type': 'insufficient_quota', 'param': None, 'code': 'insufficient_quota'}}","Error: Error code: 429 - {'error': {'message': 'You exceeded your current quota, please check your plan and billing details. For more information on this error, read the docs: https://platform.openai.com/docs/guides/error-codes/api-errors.', 'type': 'insufficient_quota', 'param': None, 'code': 'insufficient_quota'}}",Client-side only. Server-side datacenter energy excluded.
GPT-4o,2,Mathematics,What is the difference between a function and a relation? Give an example of each.,2.9523,189.9997,0.3348,64.3556,,,"ERROR: Error code: 429 - {'error': {'message': 'You exceeded your current quota, please check your plan and billing details. For more information on this error, read the docs: https://platform.openai.com/docs/guides/error-codes/api-errors.', 'type': 'insufficient_quota', 'param': None, 'code': 'insufficient_quota'}}","Error: Error code: 429 - {'error': {'message': 'You exceeded your current quota, please check your plan and billing details. For more information on this error, read the docs: https://platform.openai.com/docs/guides/error-codes/api-errors.', 'type': 'insufficient_quota', 'param': None, 'code': 'insufficient_quota'}}",Client-side only. Server-side datacenter energy excluded.
GPT-4o,3,Mathematics,Explain what the slope of a line represents and how to calculate it from two points.,2.0161,130.5217,1.0045,64.7404,,,"ERROR: Error code: 429 - {'error': {'message': 'You exceeded your current quota, please check your plan and billing details. For more information on this error, read the docs: https://platform.openai.com/docs/guides/error-codes/api-errors.', 'type': 'insufficient_quota', 'param': None, 'code': 'insufficient_quota'}}","Error: Error code: 429 - {'error': {'message': 'You exceeded your current quota, please check your plan and billing details. For more information on this error, read the docs: https://platform.openai.com/docs/guides/error-codes/api-errors.', 'type': 'insufficient_quota', 'param': None, 'code': 'insufficient_quota'}}",Client-side only. Server-side datacenter energy excluded.
GPT-4o,4,Mathematics,How do you factor a trinomial of the form ax² + bx + c? Show the process with an example.,1.8859,121.4483,0.2955,64.3989,,,"ERROR: Error code: 429 - {'error': {'message': 'You exceeded your current quota, please check your plan and billing details. For more information on this error, read the docs: https://platform.openai.com/docs/guides/error-codes/api-errors.', 'type': 'insufficient_quota', 'param': None, 'code': 'insufficient_quota'}}","Error: Error code: 429 - {'error': {'message': 'You exceeded your current quota, please check your plan and billing details. For more information on this error, read the docs: https://platform.openai.com/docs/guides/error-codes/api-errors.', 'type': 'insufficient_quota', 'param': None, 'code': 'insufficient_quota'}}",Client-side only. Server-side datacenter energy excluded.
GPT-4o,5,Science,"Explain what photosynthesis is, what inputs it needs, and what it produces.",2.0125,129.4766,0.1872,64.3352,,,"ERROR: Error code: 429 - {'error': {'message': 'You exceeded your current quota, please check your plan and billing details. For more information on this error, read the docs: https://platform.openai.com/docs/guides/error-codes/api-errors.', 'type': 'insufficient_quota', 'param': None, 'code': 'insufficient_quota'}}","Error: Error code: 429 - {'error': {'message': 'You exceeded your current quota, please check your plan and billing details. For more information on this error, read the docs: https://platform.openai.com/docs/guides/error-codes/api-errors.', 'type': 'insufficient_quota', 'param': None, 'code': 'insufficient_quota'}}",Client-side only. Server-side datacenter energy excluded.
GPT-4o,6,Science,What is cellular respiration and how does it differ from breathing?,2.9009,186.4169,0.0592,64.2626,,,"ERROR: Error code: 429 - {'error': {'message': 'You exceeded your current quota, please check your plan and billing details. For more information on this error, read the docs: https://platform.openai.com/docs/guides/error-codes/api-errors.', 'type': 'insufficient_quota', 'param': None, 'code': 'insufficient_quota'}}","Error: Error code: 429 - {'error': {'message': 'You exceeded your current quota, please check your plan and billing details. For more information on this error, read the docs: https://platform.openai.com/docs/guides/error-codes/api-errors.', 'type': 'insufficient_quota', 'param': None, 'code': 'insufficient_quota'}}",Client-side only. Server-side datacenter energy excluded.
GPT-4o,7,Science,Explain the structure of DNA and what base pairing rules apply.,2.04,130.4691,0.01,63.9569,,,"ERROR: Error code: 429 - {'error': {'message': 'You exceeded your current quota, please check your plan and billing details. For more information on this error, read the docs: https://platform.openai.com/docs/guides/error-codes/api-errors.', 'type': 'insufficient_quota', 'param': None, 'code': 'insufficient_quota'}}","Error: Error code: 429 - {'error': {'message': 'You exceeded your current quota, please check your plan and billing details. For more information on this error, read the docs: https://platform.openai.com/docs/guides/error-codes/api-errors.', 'type': 'insufficient_quota', 'param': None, 'code': 'insufficient_quota'}}",Client-side only. Server-side datacenter energy excluded.
GPT-4o,8,Science,What is mitosis and why do cells need to divide?,2.0192,129.242,0.01,64.0068,,,"ERROR: Error code: 429 - {'error': {'message': 'You exceeded your current quota, please check your plan and billing details. For more information on this error, read the docs: https://platform.openai.com/docs/guides/error-codes/api-errors.', 'type': 'insufficient_quota', 'param': None, 'code': 'insufficient_quota'}}","Error: Error code: 429 - {'error': {'message': 'You exceeded your current quota, please check your plan and billing details. For more information on this error, read the docs: https://platform.openai.com/docs/guides/error-codes/api-errors.', 'type': 'insufficient_quota', 'param': None, 'code': 'insufficient_quota'}}",Client-side only. Server-side datacenter energy excluded.
GPT-4o,9,Programming-CS,What is a variable in programming? Explain it like I'm 10 years old using a box analogy.,2.5872,166.2376,0.0276,64.2529,,,"ERROR: Error code: 429 - {'error': {'message': 'You exceeded your current quota, please check your plan and billing details. For more information on this error, read the docs: https://platform.openai.com/docs/guides/error-codes/api-errors.', 'type': 'insufficient_quota', 'param': None, 'code': 'insufficient_quota'}}","Error: Error code: 429 - {'error': {'message': 'You exceeded your current quota, please check your plan and billing details. For more information on this error, read the docs: https://platform.openai.com/docs/guides/error-codes/api-errors.', 'type': 'insufficient_quota', 'param': None, 'code': 'insufficient_quota'}}",Client-side only. Server-side datacenter energy excluded.
GPT-4o,10,Programming-CS,What is a 'For Loop'? Explain it like a chore list.,1.9569,125.0135,0.01,63.8834,,,"ERROR: Error code: 429 - {'error': {'message': 'You exceeded your current quota, please check your plan and billing details. For more information on this error, read the docs: https://platform.openai.com/docs/guides/error-codes/api-errors.', 'type': 'insufficient_quota', 'param': None, 'code': 'insufficient_quota'}}","Error: Error code: 429 - {'error': {'message': 'You exceeded your current quota, please check your plan and billing details. For more information on this error, read the docs: https://platform.openai.com/docs/guides/error-codes/api-errors.', 'type': 'insufficient_quota', 'param': None, 'code': 'insufficient_quota'}}",Client-side only. Server-side datacenter energy excluded.
GPT-4o,11,Programming-CS,Explain what an 'if statement' is in programming using a traffic light analogy.,1.8526,119.4846,0.4669,64.4942,,,"ERROR: Error code: 429 - {'error': {'message': 'You exceeded your current quota, please check your plan and billing details. For more information on this error, read the docs: https://platform.openai.com/docs/guides/error-codes/api-errors.', 'type': 'insufficient_quota', 'param': None, 'code': 'insufficient_quota'}}","Error: Error code: 429 - {'error': {'message': 'You exceeded your current quota, please check your plan and billing details. For more information on this error, read the docs: https://platform.openai.com/docs/guides/error-codes/api-errors.', 'type': 'insufficient_quota', 'param': None, 'code': 'insufficient_quota'}}",Client-side only. Server-side datacenter energy excluded.
GPT-4o,12,Programming-CS,What is a function in programming and why do we use them?,1.864,118.7388,0.01,63.7025,,,"ERROR: Error code: 429 - {'error': {'message': 'You exceeded your current quota, please check your plan and billing details. For more information on this error, read the docs: https://platform.openai.com/docs/guides/error-codes/api-errors.', 'type': 'insufficient_quota', 'param': None, 'code': 'insufficient_quota'}}","Error: Error code: 429 - {'error': {'message': 'You exceeded your current quota, please check your plan and billing details. For more information on this error, read the docs: https://platform.openai.com/docs/guides/error-codes/api-errors.', 'type': 'insufficient_quota', 'param': None, 'code': 'insufficient_quota'}}",Client-side only. Server-side datacenter energy excluded.
GPT-4o,13,Humanities,"Explain the main causes of World War I using the MAIN acronym (Militarism, Alliances, Imperialism, Nationalism).",1.9029,122.1885,0.01,64.2117,,,"ERROR: Error code: 429 - {'error': {'message': 'You exceeded your current quota, please check your plan and billing details. For more information on this error, read the docs: https://platform.openai.com/docs/guides/error-codes/api-errors.', 'type': 'insufficient_quota', 'param': None, 'code': 'insufficient_quota'}}","Error: Error code: 429 - {'error': {'message': 'You exceeded your current quota, please check your plan and billing details. For more information on this error, read the docs: https://platform.openai.com/docs/guides/error-codes/api-errors.', 'type': 'insufficient_quota', 'param': None, 'code': 'insufficient_quota'}}",Client-side only. Server-side datacenter energy excluded.
GPT-4o,14,Humanities,What was the significance of the French Revolution and what were its key outcomes?,1.8763,120.7234,0.1852,64.3409,,,"ERROR: Error code: 429 - {'error': {'message': 'You exceeded your current quota, please check your plan and billing details. For more information on this error, read the docs: https://platform.openai.com/docs/guides/error-codes/api-errors.', 'type': 'insufficient_quota', 'param': None, 'code': 'insufficient_quota'}}","Error: Error code: 429 - {'error': {'message': 'You exceeded your current quota, please check your plan and billing details. For more information on this error, read the docs: https://platform.openai.com/docs/guides/error-codes/api-errors.', 'type': 'insufficient_quota', 'param': None, 'code': 'insufficient_quota'}}",Client-side only. Server-side datacenter energy excluded.
GPT-4o,15,Humanities,Explain what the Industrial Revolution was and how it changed society.,2.1034,134.4177,0.01,63.9043,,,"ERROR: Error code: 429 - {'error': {'message': 'You exceeded your current quota, please check your plan and billing details. For more information on this error, read the docs: https://platform.openai.com/docs/guides/error-codes/api-errors.', 'type': 'insufficient_quota', 'param': None, 'code': 'insufficient_quota'}}","Error: Error code: 429 - {'error': {'message': 'You exceeded your current quota, please check your plan and billing details. For more information on this error, read the docs: https://platform.openai.com/docs/guides/error-codes/api-errors.', 'type': 'insufficient_quota', 'param': None, 'code': 'insufficient_quota'}}",Client-side only. Server-side datacenter energy excluded.
GPT-4o,16,Humanities,What was the Cold War and what were the main tensions between the USA and USSR?,2.0291,130.9503,0.5953,64.5356,,,"ERROR: Error code: 429 - {'error': {'message': 'You exceeded your current quota, please check your plan and billing details. For more information on this error, read the docs: https://platform.openai.com/docs/guides/error-codes/api-errors.', 'type': 'insufficient_quota', 'param': None, 'code': 'insufficient_quota'}}","Error: Error code: 429 - {'error': {'message': 'You exceeded your current quota, please check your plan and billing details. For more information on this error, read the docs: https://platform.openai.com/docs/guides/error-codes/api-errors.', 'type': 'insufficient_quota', 'param': None, 'code': 'insufficient_quota'}}",Client-side only. Server-side datacenter energy excluded.
GPT-4o,17,Meta-cognition,Explain what metacognition means and why thinking about your own thinking helps you learn better.,1.9384,124.9982,0.4692,64.4842,,,"ERROR: Error code: 429 - {'error': {'message': 'You exceeded your current quota, please check your plan and billing details. For more information on this error, read the docs: https://platform.openai.com/docs/guides/error-codes/api-errors.', 'type': 'insufficient_quota', 'param': None, 'code': 'insufficient_quota'}}","Error: Error code: 429 - {'error': {'message': 'You exceeded your current quota, please check your plan and billing details. For more information on this error, read the docs: https://platform.openai.com/docs/guides/error-codes/api-errors.', 'type': 'insufficient_quota', 'param': None, 'code': 'insufficient_quota'}}",Client-side only. Server-side datacenter energy excluded.
GPT-4o,18,Meta-cognition,What is spaced repetition and why is it more effective than cramming?,1.98,126.0124,0.01,63.6422,,,"ERROR: Error code: 429 - {'error': {'message': 'You exceeded your current quota, please check your plan and billing details. For more information on this error, read the docs: https://platform.openai.com/docs/guides/error-codes/api-errors.', 'type': 'insufficient_quota', 'param': None, 'code': 'insufficient_quota'}}","Error: Error code: 429 - {'error': {'message': 'You exceeded your current quota, please check your plan and billing details. For more information on this error, read the docs: https://platform.openai.com/docs/guides/error-codes/api-errors.', 'type': 'insufficient_quota', 'param': None, 'code': 'insufficient_quota'}}",Client-side only. Server-side datacenter energy excluded.
GPT-4o,19,Meta-cognition,Explain the Pomodoro technique for studying and why it works.,1.8624,119.8421,0.1944,64.3466,,,"ERROR: Error code: 429 - {'error': {'message': 'You exceeded your current quota, please check your plan and billing details. For more information on this error, read the docs: https://platform.openai.com/docs/guides/error-codes/api-errors.', 'type': 'insufficient_quota', 'param': None, 'code': 'insufficient_quota'}}","Error: Error code: 429 - {'error': {'message': 'You exceeded your current quota, please check your plan and billing details. For more information on this error, read the docs: https://platform.openai.com/docs/guides/error-codes/api-errors.', 'type': 'insufficient_quota', 'param': None, 'code': 'insufficient_quota'}}",Client-side only. Server-side datacenter energy excluded.
GPT-4o,20,Meta-cognition,What is active recall and how does it differ from passive re-reading?,1.9028,122.0313,0.01,64.1318,,,"ERROR: Error code: 429 - {'error': {'message': 'You exceeded your current quota, please check your plan and billing details. For more information on this error, read the docs: https://platform.openai.com/docs/guides/error-codes/api-errors.', 'type': 'insufficient_quota', 'param': None, 'code': 'insufficient_quota'}}","Error: Error code: 429 - {'error': {'message': 'You exceeded your current quota, please check your plan and billing details. For more information on this error, read the docs: https://platform.openai.com/docs/guides/error-codes/api-errors.', 'type': 'insufficient_quota', 'param': None, 'code': 'insufficient_quota'}}",Client-side only. Server-side datacenter energy excluded.
Claude-3.5-Sonnet,1,Mathematics,"Explain how to solve a quadratic equation using the quadratic formula, and walk through the steps for solving 2x² + 5x - 3 = 0.",0.284,17.3081,0.01,60.934,,,"ERROR: Error code: 401 - {'type': 'error', 'error': {'type': 'authentication_error', 'message': 'invalid x-api-key'}, 'request_id': 'req_011CYK6o6yBWgRorgAd4diNY'}","Error: Error code: 401 - {'type': 'error', 'error': {'type': 'authentication_error', 'message': 'invalid x-api-key'}, 'request_id': 'req_011CYK6o6yBWgRorgAd4diNY'}",Client-side only. Server-side datacenter energy excluded.
Claude-3.5-Sonnet,2,Mathematics,What is the difference between a function and a relation? Give an example of each.,0.2718,17.8789,0.4185,65.7819,,,"ERROR: Error code: 401 - {'type': 'error', 'error': {'type': 'authentication_error', 'message': 'invalid x-api-key'}, 'request_id': 'req_011CYK6oCmwSctsnrdzYgmQL'}","Error: Error code: 401 - {'type': 'error', 'error': {'type': 'authentication_error', 'message': 'invalid x-api-key'}, 'request_id': 'req_011CYK6oCmwSctsnrdzYgmQL'}",Client-side only. Server-side datacenter energy excluded.
Claude-3.5-Sonnet,3,Mathematics,Explain what the slope of a line represents and how to calculate it from two points.,0.3035,19.4895,0.01,64.2205,,,"ERROR: Error code: 401 - {'type': 'error', 'error': {'type': 'authentication_error', 'message': 'invalid x-api-key'}, 'request_id': 'req_011CYK6oJaw1Phsn1YUYPqhd'}","Error: Error code: 401 - {'type': 'error', 'error': {'type': 'authentication_error', 'message': 'invalid x-api-key'}, 'request_id': 'req_011CYK6oJaw1Phsn1YUYPqhd'}",Client-side only. Server-side datacenter energy excluded.
Claude-3.5-Sonnet,4,Mathematics,How do you factor a trinomial of the form ax² + bx + c? Show the process with an example.,0.2809,17.1055,0.01,60.8976,,,"ERROR: Error code: 401 - {'type': 'error', 'error': {'type': 'authentication_error', 'message': 'invalid x-api-key'}, 'request_id': 'req_011CYK6oQXsHY6nD3JVVRC5q'}","Error: Error code: 401 - {'type': 'error', 'error': {'type': 'authentication_error', 'message': 'invalid x-api-key'}, 'request_id': 'req_011CYK6oQXsHY6nD3JVVRC5q'}",Client-side only. Server-side datacenter energy excluded.
Claude-3.5-Sonnet,5,Science,"Explain what photosynthesis is, what inputs it needs, and what it produces.",0.2948,19.0837,0.1428,64.7264,,,"ERROR: Error code: 401 - {'type': 'error', 'error': {'type': 'authentication_error', 'message': 'invalid x-api-key'}, 'request_id': 'req_011CYK6oWP6gyLJ6B8iWrr99'}","Error: Error code: 401 - {'type': 'error', 'error': {'type': 'authentication_error', 'message': 'invalid x-api-key'}, 'request_id': 'req_011CYK6oWP6gyLJ6B8iWrr99'}",Client-side only. Server-side datacenter energy excluded.
Claude-3.5-Sonnet,6,Science,What is cellular respiration and how does it differ from breathing?,0.281,18.3913,0.3392,65.4492,,,"ERROR: Error code: 401 - {'type': 'error', 'error': {'type': 'authentication_error', 'message': 'invalid x-api-key'}, 'request_id': 'req_011CYK6ocKY66U9Y2H5cfZrt'}","Error: Error code: 401 - {'type': 'error', 'error': {'type': 'authentication_error', 'message': 'invalid x-api-key'}, 'request_id': 'req_011CYK6ocKY66U9Y2H5cfZrt'}",Client-side only. Server-side datacenter energy excluded.
Claude-3.5-Sonnet,7,Science,Explain the structure of DNA and what base pairing rules apply.,0.2866,18.6068,0.192,64.9119,,,"ERROR: Error code: 401 - {'type': 'error', 'error': {'type': 'authentication_error', 'message': 'invalid x-api-key'}, 'request_id': 'req_011CYK6oiDjgYK1c4CYgKpeh'}","Error: Error code: 401 - {'type': 'error', 'error': {'type': 'authentication_error', 'message': 'invalid x-api-key'}, 'request_id': 'req_011CYK6oiDjgYK1c4CYgKpeh'}",Client-side only. Server-side datacenter energy excluded.
Claude-3.5-Sonnet,8,Science,What is mitosis and why do cells need to divide?,0.2949,19.0764,0.1332,64.6938,,,"ERROR: Error code: 401 - {'type': 'error', 'error': {'type': 'authentication_error', 'message': 'invalid x-api-key'}, 'request_id': 'req_011CYK6op8BybzuRHjA4i9uS'}","Error: Error code: 401 - {'type': 'error', 'error': {'type': 'authentication_error', 'message': 'invalid x-api-key'}, 'request_id': 'req_011CYK6op8BybzuRHjA4i9uS'}",Client-side only. Server-side datacenter energy excluded.
Claude-3.5-Sonnet,9,Programming-CS,What is a variable in programming? Explain it like I'm 10 years old using a box analogy.,0.2774,18.1439,0.3218,65.4021,,,"ERROR: Error code: 401 - {'type': 'error', 'error': {'type': 'authentication_error', 'message': 'invalid x-api-key'}, 'request_id': 'req_011CYK6ouyv5j1JHfP8JUPy5'}","Error: Error code: 401 - {'type': 'error', 'error': {'type': 'authentication_error', 'message': 'invalid x-api-key'}, 'request_id': 'req_011CYK6ouyv5j1JHfP8JUPy5'}",Client-side only. Server-side datacenter energy excluded.
Claude-3.5-Sonnet,10,Programming-CS,What is a 'For Loop'? Explain it like a chore list.,0.2699,17.7402,0.4002,65.725,,,"ERROR: Error code: 401 - {'type': 'error', 'error': {'type': 'authentication_error', 'message': 'invalid x-api-key'}, 'request_id': 'req_011CYK6p1pemgziB42S78Bxb'}","Error: Error code: 401 - {'type': 'error', 'error': {'type': 'authentication_error', 'message': 'invalid x-api-key'}, 'request_id': 'req_011CYK6p1pemgziB42S78Bxb'}",Client-side only. Server-side datacenter energy excluded.
Claude-3.5-Sonnet,11,Programming-CS,Explain what an 'if statement' is in programming using a traffic light analogy.,0.2483,15.4342,0.01,62.161,,,"ERROR: Error code: 401 - {'type': 'error', 'error': {'type': 'authentication_error', 'message': 'invalid x-api-key'}, 'request_id': 'req_011CYK6p7e9Zu3YmtpMhcT3R'}","Error: Error code: 401 - {'type': 'error', 'error': {'type': 'authentication_error', 'message': 'invalid x-api-key'}, 'request_id': 'req_011CYK6p7e9Zu3YmtpMhcT3R'}",Client-side only. Server-side datacenter energy excluded.
Claude-3.5-Sonnet,12,Programming-CS,What is a function in programming and why do we use them?,0.2719,17.8102,0.3431,65.5041,,,"ERROR: Error code: 401 - {'type': 'error', 'error': {'type': 'authentication_error', 'message': 'invalid x-api-key'}, 'request_id': 'req_011CYK6pDKTe2M1oCUAp9ztU'}","Error: Error code: 401 - {'type': 'error', 'error': {'type': 'authentication_error', 'message': 'invalid x-api-key'}, 'request_id': 'req_011CYK6pDKTe2M1oCUAp9ztU'}",Client-side only. Server-side datacenter energy excluded.
Claude-3.5-Sonnet,13,Humanities,"Explain the main causes of World War I using the MAIN acronym (Militarism, Alliances, Imperialism, Nationalism).",0.273,17.8997,0.3621,65.5686,,,"ERROR: Error code: 401 - {'type': 'error', 'error': {'type': 'authentication_error', 'message': 'invalid x-api-key'}, 'request_id': 'req_011CYK6pK7xW6nCngWUaagKc'}","Error: Error code: 401 - {'type': 'error', 'error': {'type': 'authentication_error', 'message': 'invalid x-api-key'}, 'request_id': 'req_011CYK6pK7xW6nCngWUaagKc'}",Client-side only. Server-side datacenter energy excluded.
Claude-3.5-Sonnet,14,Humanities,What was the significance of the French Revolution and what were its key outcomes?,0.3039,19.6056,0.0792,64.5029,,,"ERROR: Error code: 401 - {'type': 'error', 'error': {'type': 'authentication_error', 'message': 'invalid x-api-key'}, 'request_id': 'req_011CYK6pR5t1EqAfcqjHXX9c'}","Error: Error code: 401 - {'type': 'error', 'error': {'type': 'authentication_error', 'message': 'invalid x-api-key'}, 'request_id': 'req_011CYK6pR5t1EqAfcqjHXX9c'}",Client-side only. Server-side datacenter energy excluded.
Claude-3.5-Sonnet,15,Humanities,Explain what the Industrial Revolution was and how it changed society.,0.2706,17.9514,0.568,66.3414,,,"ERROR: Error code: 401 - {'type': 'error', 'error': {'type': 'authentication_error', 'message': 'invalid x-api-key'}, 'request_id': 'req_011CYK6pWzaub6LGZuGKuaVP'}","Error: Error code: 401 - {'type': 'error', 'error': {'type': 'authentication_error', 'message': 'invalid x-api-key'}, 'request_id': 'req_011CYK6pWzaub6LGZuGKuaVP'}",Client-side only. Server-side datacenter energy excluded.
Claude-3.5-Sonnet,16,Humanities,What was the Cold War and what were the main tensions between the USA and USSR?,0.2737,17.9149,0.3302,65.4485,,,"ERROR: Error code: 401 - {'type': 'error', 'error': {'type': 'authentication_error', 'message': 'invalid x-api-key'}, 'request_id': 'req_011CYK6pcoqBA7iovUExDPnc'}","Error: Error code: 401 - {'type': 'error', 'error': {'type': 'authentication_error', 'message': 'invalid x-api-key'}, 'request_id': 'req_011CYK6pcoqBA7iovUExDPnc'}",Client-side only. Server-side datacenter energy excluded.
Claude-3.5-Sonnet,17,Meta-cognition,Explain what metacognition means and why thinking about your own thinking helps you learn better.,0.3503,23.1928,0.6913,66.2158,,,"ERROR: Error code: 401 - {'type': 'error', 'error': {'type': 'authentication_error', 'message': 'invalid x-api-key'}, 'request_id': 'req_011CYK6pidaFRKxngxMdiVor'}","Error: Error code: 401 - {'type': 'error', 'error': {'type': 'authentication_error', 'message': 'invalid x-api-key'}, 'request_id': 'req_011CYK6pidaFRKxngxMdiVor'}",Client-side only. Server-side datacenter energy excluded.
Claude-3.5-Sonnet,18,Meta-cognition,What is spaced repetition and why is it more effective than cramming?,0.2776,16.9365,0.01,61.0107,,,"ERROR: Error code: 401 - {'type': 'error', 'error': {'type': 'authentication_error', 'message': 'invalid x-api-key'}, 'request_id': 'req_011CYK6pphT2bZkxPUJBqceN'}","Error: Error code: 401 - {'type': 'error', 'error': {'type': 'authentication_error', 'message': 'invalid x-api-key'}, 'request_id': 'req_011CYK6pphT2bZkxPUJBqceN'}",Client-side only. Server-side datacenter energy excluded.
Claude-3.5-Sonnet,19,Meta-cognition,Explain the Pomodoro technique for studying and why it works.,0.3065,19.6691,0.01,64.1755,,,"ERROR: Error code: 401 - {'type': 'error', 'error': {'type': 'authentication_error', 'message': 'invalid x-api-key'}, 'request_id': 'req_011CYK6pvaAnWKuDnMMfPMq8'}","Error: Error code: 401 - {'type': 'error', 'error': {'type': 'authentication_error', 'message': 'invalid x-api-key'}, 'request_id': 'req_011CYK6pvaAnWKuDnMMfPMq8'}",Client-side only. Server-side datacenter energy excluded.
Claude-3.5-Sonnet,20,Meta-cognition,What is active recall and how does it differ from passive re-reading?,0.268,17.5989,0.3812,65.6646,,,"ERROR: Error code: 401 - {'type': 'error', 'error': {'type': 'authentication_error', 'message': 'invalid x-api-key'}, 'request_id': 'req_011CYK6q2U84uub5tr9vSv3T'}","Error: Error code: 401 - {'type': 'error', 'error': {'type': 'authentication_error', 'message': 'invalid x-api-key'}, 'request_id': 'req_011CYK6q2U84uub5tr9vSv3T'}",Client-side only. Server-side datacenter energy excluded.
Gemini-1.5-Pro,1,Mathematics,"Explain how to solve a quadratic equation using the quadratic formula, and walk through the steps for solving 2x² + 5x - 3 = 0.",0.9148,59.9585,1.1913,65.5445,,,"ERROR: 404 POST https://generativelanguage.googleapis.com/v1beta/models/gemini-1.5-pro:generateContent?%24alt=json%3Benum-encoding%3Dint: models/gemini-1.5-pro is not found for API version v1beta, or is not supported for generateContent. Call ListModels to see the list of available models and their supported methods.","Error: 404 POST https://generativelanguage.googleapis.com/v1beta/models/gemini-1.5-pro:generateContent?%24alt=json%3Benum-encoding%3Dint: models/gemini-1.5-pro is not found for API version v1beta, or is not supported for generateContent. Call ListModels to see the list of available models and their supported methods.",Client-side only. Server-side datacenter energy excluded.
Gemini-1.5-Pro,2,Mathematics,What is the difference between a function and a relation? Give an example of each.,0.2593,15.9708,0.01,61.5873,,,"ERROR: 404 POST https://generativelanguage.googleapis.com/v1beta/models/gemini-1.5-pro:generateContent?%24alt=json%3Benum-encoding%3Dint: models/gemini-1.5-pro is not found for API version v1beta, or is not supported for generateContent. Call ListModels to see the list of available models and their supported methods.","Error: 404 POST https://generativelanguage.googleapis.com/v1beta/models/gemini-1.5-pro:generateContent?%24alt=json%3Benum-encoding%3Dint: models/gemini-1.5-pro is not found for API version v1beta, or is not supported for generateContent. Call ListModels to see the list of available models and their supported methods.",Client-side only. Server-side datacenter energy excluded.
Gemini-1.5-Pro,3,Mathematics,Explain what the slope of a line represents and how to calculate it from two points.,0.257,17.1073,0.5955,66.5591,,,"ERROR: 404 POST https://generativelanguage.googleapis.com/v1beta/models/gemini-1.5-pro:generateContent?%24alt=json%3Benum-encoding%3Dint: models/gemini-1.5-pro is not found for API version v1beta, or is not supported for generateContent. Call ListModels to see the list of available models and their supported methods.","Error: 404 POST https://generativelanguage.googleapis.com/v1beta/models/gemini-1.5-pro:generateContent?%24alt=json%3Benum-encoding%3Dint: models/gemini-1.5-pro is not found for API version v1beta, or is not supported for generateContent. Call ListModels to see the list of available models and their supported methods.",Client-side only. Server-side datacenter energy excluded.
Gemini-1.5-Pro,4,Mathematics,How do you factor a trinomial of the form ax² + bx + c? Show the process with an example.,0.458,28.7686,0.01,62.8077,,,"ERROR: 404 POST https://generativelanguage.googleapis.com/v1beta/models/gemini-1.5-pro:generateContent?%24alt=json%3Benum-encoding%3Dint: models/gemini-1.5-pro is not found for API version v1beta, or is not supported for generateContent. Call ListModels to see the list of available models and their supported methods.","Error: 404 POST https://generativelanguage.googleapis.com/v1beta/models/gemini-1.5-pro:generateContent?%24alt=json%3Benum-encoding%3Dint: models/gemini-1.5-pro is not found for API version v1beta, or is not supported for generateContent. Call ListModels to see the list of available models and their supported methods.",Client-side only. Server-side datacenter energy excluded.
Gemini-1.5-Pro,5,Science,"Explain what photosynthesis is, what inputs it needs, and what it produces.",0.2558,17.0489,0.6177,66.6573,,,"ERROR: 404 POST https://generativelanguage.googleapis.com/v1beta/models/gemini-1.5-pro:generateContent?%24alt=json%3Benum-encoding%3Dint: models/gemini-1.5-pro is not found for API version v1beta, or is not supported for generateContent. Call ListModels to see the list of available models and their supported methods.","Error: 404 POST https://generativelanguage.googleapis.com/v1beta/models/gemini-1.5-pro:generateContent?%24alt=json%3Benum-encoding%3Dint: models/gemini-1.5-pro is not found for API version v1beta, or is not supported for generateContent. Call ListModels to see the list of available models and their supported methods.",Client-side only. Server-side datacenter energy excluded.
Gemini-1.5-Pro,6,Science,What is cellular respiration and how does it differ from breathing?,0.2557,17.0586,0.631,66.7096,,,"ERROR: 404 POST https://generativelanguage.googleapis.com/v1beta/models/gemini-1.5-pro:generateContent?%24alt=json%3Benum-encoding%3Dint: models/gemini-1.5-pro is not found for API version v1beta, or is not supported for generateContent. Call ListModels to see the list of available models and their supported methods.","Error: 404 POST https://generativelanguage.googleapis.com/v1beta/models/gemini-1.5-pro:generateContent?%24alt=json%3Benum-encoding%3Dint: models/gemini-1.5-pro is not found for API version v1beta, or is not supported for generateContent. Call ListModels to see the list of available models and their supported methods.",Client-side only. Server-side datacenter energy excluded.
Gemini-1.5-Pro,7,Science,Explain the structure of DNA and what base pairing rules apply.,0.2555,15.7625,0.01,61.6863,,,"ERROR: 404 POST https://generativelanguage.googleapis.com/v1beta/models/gemini-1.5-pro:generateContent?%24alt=json%3Benum-encoding%3Dint: models/gemini-1.5-pro is not found for API version v1beta, or is not supported for generateContent. Call ListModels to see the list of available models and their supported methods.","Error: 404 POST https://generativelanguage.googleapis.com/v1beta/models/gemini-1.5-pro:generateContent?%24alt=json%3Benum-encoding%3Dint: models/gemini-1.5-pro is not found for API version v1beta, or is not supported for generateContent. Call ListModels to see the list of available models and their supported methods.",Client-side only. Server-side datacenter energy excluded.
Gemini-1.5-Pro,8,Science,What is mitosis and why do cells need to divide?,0.4572,29.9675,0.5929,65.5389,,,"ERROR: 404 POST https://generativelanguage.googleapis.com/v1beta/models/gemini-1.5-pro:generateContent?%24alt=json%3Benum-encoding%3Dint: models/gemini-1.5-pro is not found for API version v1beta, or is not supported for generateContent. Call ListModels to see the list of available models and their supported methods.","Error: 404 POST https://generativelanguage.googleapis.com/v1beta/models/gemini-1.5-pro:generateContent?%24alt=json%3Benum-encoding%3Dint: models/gemini-1.5-pro is not found for API version v1beta, or is not supported for generateContent. Call ListModels to see the list of available models and their supported methods.",Client-side only. Server-side datacenter energy excluded.
Gemini-1.5-Pro,9,Programming-CS,What is a variable in programming? Explain it like I'm 10 years old using a box analogy.,0.2556,15.7839,0.01,61.7519,,,"ERROR: 404 POST https://generativelanguage.googleapis.com/v1beta/models/gemini-1.5-pro:generateContent?%24alt=json%3Benum-encoding%3Dint: models/gemini-1.5-pro is not found for API version v1beta, or is not supported for generateContent. Call ListModels to see the list of available models and their supported methods.","Error: 404 POST https://generativelanguage.googleapis.com/v1beta/models/gemini-1.5-pro:generateContent?%24alt=json%3Benum-encoding%3Dint: models/gemini-1.5-pro is not found for API version v1beta, or is not supported for generateContent. Call ListModels to see the list of available models and their supported methods.",Client-side only. Server-side datacenter energy excluded.
Gemini-1.5-Pro,10,Programming-CS,What is a 'For Loop'? Explain it like a chore list.,0.2816,18.4096,0.3204,65.3802,,,"ERROR: 404 POST https://generativelanguage.googleapis.com/v1beta/models/gemini-1.5-pro:generateContent?%24alt=json%3Benum-encoding%3Dint: models/gemini-1.5-pro is not found for API version v1beta, or is not supported for generateContent. Call ListModels to see the list of available models and their supported methods.","Error: 404 POST https://generativelanguage.googleapis.com/v1beta/models/gemini-1.5-pro:generateContent?%24alt=json%3Benum-encoding%3Dint: models/gemini-1.5-pro is not found for API version v1beta, or is not supported for generateContent. Call ListModels to see the list of available models and their supported methods.",Client-side only. Server-side datacenter energy excluded.
Gemini-1.5-Pro,11,Programming-CS,Explain what an 'if statement' is in programming using a traffic light analogy.,0.283,18.4126,0.2325,65.0636,,,"ERROR: 404 POST https://generativelanguage.googleapis.com/v1beta/models/gemini-1.5-pro:generateContent?%24alt=json%3Benum-encoding%3Dint: models/gemini-1.5-pro is not found for API version v1beta, or is not supported for generateContent. Call ListModels to see the list of available models and their supported methods.","Error: 404 POST https://generativelanguage.googleapis.com/v1beta/models/gemini-1.5-pro:generateContent?%24alt=json%3Benum-encoding%3Dint: models/gemini-1.5-pro is not found for API version v1beta, or is not supported for generateContent. Call ListModels to see the list of available models and their supported methods.",Client-side only. Server-side datacenter energy excluded.
Gemini-1.5-Pro,12,Programming-CS,What is a function in programming and why do we use them?,0.256,15.8191,0.01,61.7836,,,"ERROR: 404 POST https://generativelanguage.googleapis.com/v1beta/models/gemini-1.5-pro:generateContent?%24alt=json%3Benum-encoding%3Dint: models/gemini-1.5-pro is not found for API version v1beta, or is not supported for generateContent. Call ListModels to see the list of available models and their supported methods.","Error: 404 POST https://generativelanguage.googleapis.com/v1beta/models/gemini-1.5-pro:generateContent?%24alt=json%3Benum-encoding%3Dint: models/gemini-1.5-pro is not found for API version v1beta, or is not supported for generateContent. Call ListModels to see the list of available models and their supported methods.",Client-side only. Server-side datacenter energy excluded.
Gemini-1.5-Pro,13,Humanities,"Explain the main causes of World War I using the MAIN acronym (Militarism, Alliances, Imperialism, Nationalism).",0.3317,21.0211,0.01,63.3783,,,"ERROR: 404 POST https://generativelanguage.googleapis.com/v1beta/models/gemini-1.5-pro:generateContent?%24alt=json%3Benum-encoding%3Dint: models/gemini-1.5-pro is not found for API version v1beta, or is not supported for generateContent. Call ListModels to see the list of available models and their supported methods.","Error: 404 POST https://generativelanguage.googleapis.com/v1beta/models/gemini-1.5-pro:generateContent?%24alt=json%3Benum-encoding%3Dint: models/gemini-1.5-pro is not found for API version v1beta, or is not supported for generateContent. Call ListModels to see the list of available models and their supported methods.",Client-side only. Server-side datacenter energy excluded.
Gemini-1.5-Pro,14,Humanities,What was the significance of the French Revolution and what were its key outcomes?,0.2566,17.0817,0.5991,66.5774,,,"ERROR: 404 POST https://generativelanguage.googleapis.com/v1beta/models/gemini-1.5-pro:generateContent?%24alt=json%3Benum-encoding%3Dint: models/gemini-1.5-pro is not found for API version v1beta, or is not supported for generateContent. Call ListModels to see the list of available models and their supported methods.","Error: 404 POST https://generativelanguage.googleapis.com/v1beta/models/gemini-1.5-pro:generateContent?%24alt=json%3Benum-encoding%3Dint: models/gemini-1.5-pro is not found for API version v1beta, or is not supported for generateContent. Call ListModels to see the list of available models and their supported methods.",Client-side only. Server-side datacenter energy excluded.
Gemini-1.5-Pro,15,Humanities,Explain what the Industrial Revolution was and how it changed society.,0.2555,17.0244,0.6096,66.6281,,,"ERROR: 404 POST https://generativelanguage.googleapis.com/v1beta/models/gemini-1.5-pro:generateContent?%24alt=json%3Benum-encoding%3Dint: models/gemini-1.5-pro is not found for API version v1beta, or is not supported for generateContent. Call ListModels to see the list of available models and their supported methods.","Error: 404 POST https://generativelanguage.googleapis.com/v1beta/models/gemini-1.5-pro:generateContent?%24alt=json%3Benum-encoding%3Dint: models/gemini-1.5-pro is not found for API version v1beta, or is not supported for generateContent. Call ListModels to see the list of available models and their supported methods.",Client-side only. Server-side datacenter energy excluded.
Gemini-1.5-Pro,16,Humanities,What was the Cold War and what were the main tensions between the USA and USSR?,0.2564,15.8597,0.01,61.8454,,,"ERROR: 404 POST https://generativelanguage.googleapis.com/v1beta/models/gemini-1.5-pro:generateContent?%24alt=json%3Benum-encoding%3Dint: models/gemini-1.5-pro is not found for API version v1beta, or is not supported for generateContent. Call ListModels to see the list of available models and their supported methods.","Error: 404 POST https://generativelanguage.googleapis.com/v1beta/models/gemini-1.5-pro:generateContent?%24alt=json%3Benum-encoding%3Dint: models/gemini-1.5-pro is not found for API version v1beta, or is not supported for generateContent. Call ListModels to see the list of available models and their supported methods.",Client-side only. Server-side datacenter energy excluded.
Gemini-1.5-Pro,17,Meta-cognition,Explain what metacognition means and why thinking about your own thinking helps you learn better.,0.3569,23.4873,0.5602,65.812,,,"ERROR: 404 POST https://generativelanguage.googleapis.com/v1beta/models/gemini-1.5-pro:generateContent?%24alt=json%3Benum-encoding%3Dint: models/gemini-1.5-pro is not found for API version v1beta, or is not supported for generateContent. Call ListModels to see the list of available models and their supported methods.","Error: 404 POST https://generativelanguage.googleapis.com/v1beta/models/gemini-1.5-pro:generateContent?%24alt=json%3Benum-encoding%3Dint: models/gemini-1.5-pro is not found for API version v1beta, or is not supported for generateContent. Call ListModels to see the list of available models and their supported methods.",Client-side only. Server-side datacenter energy excluded.
Gemini-1.5-Pro,18,Meta-cognition,What is spaced repetition and why is it more effective than cramming?,0.3321,20.9902,0.01,63.2003,,,"ERROR: 404 POST https://generativelanguage.googleapis.com/v1beta/models/gemini-1.5-pro:generateContent?%24alt=json%3Benum-encoding%3Dint: models/gemini-1.5-pro is not found for API version v1beta, or is not supported for generateContent. Call ListModels to see the list of available models and their supported methods.","Error: 404 POST https://generativelanguage.googleapis.com/v1beta/models/gemini-1.5-pro:generateContent?%24alt=json%3Benum-encoding%3Dint: models/gemini-1.5-pro is not found for API version v1beta, or is not supported for generateContent. Call ListModels to see the list of available models and their supported methods.",Client-side only. Server-side datacenter energy excluded.
Gemini-1.5-Pro,19,Meta-cognition,Explain the Pomodoro technique for studying and why it works.,0.3102,19.833,0.01,63.9259,,,"ERROR: 404 POST https://generativelanguage.googleapis.com/v1beta/models/gemini-1.5-pro:generateContent?%24alt=json%3Benum-encoding%3Dint: models/gemini-1.5-pro is not found for API version v1beta, or is not supported for generateContent. Call ListModels to see the list of available models and their supported methods.","Error: 404 POST https://generativelanguage.googleapis.com/v1beta/models/gemini-1.5-pro:generateContent?%24alt=json%3Benum-encoding%3Dint: models/gemini-1.5-pro is not found for API version v1beta, or is not supported for generateContent. Call ListModels to see the list of available models and their supported methods.",Client-side only. Server-side datacenter energy excluded.
Gemini-1.5-Pro,20,Meta-cognition,What is active recall and how does it differ from passive re-reading?,0.2806,17.1343,0.01,61.0701,,,"ERROR: 404 POST https://generativelanguage.googleapis.com/v1beta/models/gemini-1.5-pro:generateContent?%24alt=json%3Benum-encoding%3Dint: models/gemini-1.5-pro is not found for API version v1beta, or is not supported for generateContent. Call ListModels to see the list of available models and their supported methods.","Error: 404 POST https://generativelanguage.googleapis.com/v1beta/models/gemini-1.5-pro:generateContent?%24alt=json%3Benum-encoding%3Dint: models/gemini-1.5-pro is not found for API version v1beta, or is not supported for generateContent. Call ListModels to see the list of available models and their supported methods.",Client-side only. Server-side datacenter energy excluded.
