Model,HF_ID,ID,Category,Prompt,Latency_s,Net_Energy_J,Power_W,Response,VRAM_GB,Status
Phi-3 Mini 4B,microsoft/Phi-3-mini-4k-instruct,1,Mathematics,"Explain how to solve a quadratic equation using the quadratic formula, and walk through the steps for solving 2x² + 5x - 3 = 0.",,,,LOAD ERROR: 'type',,OOM/Error
Phi-3 Mini 4B,microsoft/Phi-3-mini-4k-instruct,2,Mathematics,What is the difference between a function and a relation? Give an example of each.,,,,LOAD ERROR: 'type',,OOM/Error
Phi-3 Mini 4B,microsoft/Phi-3-mini-4k-instruct,3,Mathematics,Explain what the slope of a line represents and how to calculate it from two points.,,,,LOAD ERROR: 'type',,OOM/Error
Phi-3 Mini 4B,microsoft/Phi-3-mini-4k-instruct,4,Mathematics,How do you factor a trinomial of the form ax² + bx + c? Show the process with an example.,,,,LOAD ERROR: 'type',,OOM/Error
Phi-3 Mini 4B,microsoft/Phi-3-mini-4k-instruct,5,Science,"Explain what photosynthesis is, what inputs it needs, and what it produces.",,,,LOAD ERROR: 'type',,OOM/Error
Phi-3 Mini 4B,microsoft/Phi-3-mini-4k-instruct,6,Science,What is cellular respiration and how does it differ from breathing?,,,,LOAD ERROR: 'type',,OOM/Error
Phi-3 Mini 4B,microsoft/Phi-3-mini-4k-instruct,7,Science,Explain the structure of DNA and what base pairing rules apply.,,,,LOAD ERROR: 'type',,OOM/Error
Phi-3 Mini 4B,microsoft/Phi-3-mini-4k-instruct,8,Science,What is mitosis and why do cells need to divide?,,,,LOAD ERROR: 'type',,OOM/Error
Phi-3 Mini 4B,microsoft/Phi-3-mini-4k-instruct,9,Programming-CS,What is a variable in programming? Explain it like I'm 10 years old using a box analogy.,,,,LOAD ERROR: 'type',,OOM/Error
Phi-3 Mini 4B,microsoft/Phi-3-mini-4k-instruct,10,Programming-CS,What is a 'For Loop'? Explain it like a chore list.,,,,LOAD ERROR: 'type',,OOM/Error
Phi-3 Mini 4B,microsoft/Phi-3-mini-4k-instruct,11,Programming-CS,Explain what an 'if statement' is in programming using a traffic light analogy.,,,,LOAD ERROR: 'type',,OOM/Error
Phi-3 Mini 4B,microsoft/Phi-3-mini-4k-instruct,12,Programming-CS,What is a function in programming and why do we use them?,,,,LOAD ERROR: 'type',,OOM/Error
Phi-3 Mini 4B,microsoft/Phi-3-mini-4k-instruct,13,Humanities,"Explain the main causes of World War I using the MAIN acronym (Militarism, Alliances, Imperialism, Nationalism).",,,,LOAD ERROR: 'type',,OOM/Error
Phi-3 Mini 4B,microsoft/Phi-3-mini-4k-instruct,14,Humanities,What was the significance of the French Revolution and what were its key outcomes?,,,,LOAD ERROR: 'type',,OOM/Error
Phi-3 Mini 4B,microsoft/Phi-3-mini-4k-instruct,15,Humanities,Explain what the Industrial Revolution was and how it changed society.,,,,LOAD ERROR: 'type',,OOM/Error
Phi-3 Mini 4B,microsoft/Phi-3-mini-4k-instruct,16,Humanities,What was the Cold War and what were the main tensions between the USA and USSR?,,,,LOAD ERROR: 'type',,OOM/Error
Phi-3 Mini 4B,microsoft/Phi-3-mini-4k-instruct,17,Meta-cognition,Explain what metacognition means and why thinking about your own thinking helps you learn better.,,,,LOAD ERROR: 'type',,OOM/Error
Phi-3 Mini 4B,microsoft/Phi-3-mini-4k-instruct,18,Meta-cognition,What is spaced repetition and why is it more effective than cramming?,,,,LOAD ERROR: 'type',,OOM/Error
Phi-3 Mini 4B,microsoft/Phi-3-mini-4k-instruct,19,Meta-cognition,Explain the Pomodoro technique for studying and why it works.,,,,LOAD ERROR: 'type',,OOM/Error
Phi-3 Mini 4B,microsoft/Phi-3-mini-4k-instruct,20,Meta-cognition,What is active recall and how does it differ from passive re-reading?,,,,LOAD ERROR: 'type',,OOM/Error
Llama-3 8B Instruct,meta-llama/Meta-Llama-3-8B-Instruct,1,Mathematics,"Explain how to solve a quadratic equation using the quadratic formula, and walk through the steps for solving 2x² + 5x - 3 = 0.",,,,"LOAD ERROR: You are trying to access a gated repo.
Make sure to have access to it at https://huggingface.co/meta-llama/Meta-Llama-3-8B-Instruct.
403 Client Error. (Request ID: Root=1-69982aea-4ba798032b3b4c493db6ce35;67316b6d-71b9-4638-be74-16164d8fe6b3)

Cannot access gated repo for url https://huggingface.co/meta-llama/Meta-Llama-3-8B-Instruct/resolve/main/config.json.
Access to model meta-llama/Meta-Llama-3-8B-Instruct is restricted and you are not in the authorized list. Visit https://huggingface.co/meta-llama/Meta-Llama-3-8B-Instruct to ask for access.",,OOM/Error
Llama-3 8B Instruct,meta-llama/Meta-Llama-3-8B-Instruct,2,Mathematics,What is the difference between a function and a relation? Give an example of each.,,,,"LOAD ERROR: You are trying to access a gated repo.
Make sure to have access to it at https://huggingface.co/meta-llama/Meta-Llama-3-8B-Instruct.
403 Client Error. (Request ID: Root=1-69982aea-4ba798032b3b4c493db6ce35;67316b6d-71b9-4638-be74-16164d8fe6b3)

Cannot access gated repo for url https://huggingface.co/meta-llama/Meta-Llama-3-8B-Instruct/resolve/main/config.json.
Access to model meta-llama/Meta-Llama-3-8B-Instruct is restricted and you are not in the authorized list. Visit https://huggingface.co/meta-llama/Meta-Llama-3-8B-Instruct to ask for access.",,OOM/Error
Llama-3 8B Instruct,meta-llama/Meta-Llama-3-8B-Instruct,3,Mathematics,Explain what the slope of a line represents and how to calculate it from two points.,,,,"LOAD ERROR: You are trying to access a gated repo.
Make sure to have access to it at https://huggingface.co/meta-llama/Meta-Llama-3-8B-Instruct.
403 Client Error. (Request ID: Root=1-69982aea-4ba798032b3b4c493db6ce35;67316b6d-71b9-4638-be74-16164d8fe6b3)

Cannot access gated repo for url https://huggingface.co/meta-llama/Meta-Llama-3-8B-Instruct/resolve/main/config.json.
Access to model meta-llama/Meta-Llama-3-8B-Instruct is restricted and you are not in the authorized list. Visit https://huggingface.co/meta-llama/Meta-Llama-3-8B-Instruct to ask for access.",,OOM/Error
Llama-3 8B Instruct,meta-llama/Meta-Llama-3-8B-Instruct,4,Mathematics,How do you factor a trinomial of the form ax² + bx + c? Show the process with an example.,,,,"LOAD ERROR: You are trying to access a gated repo.
Make sure to have access to it at https://huggingface.co/meta-llama/Meta-Llama-3-8B-Instruct.
403 Client Error. (Request ID: Root=1-69982aea-4ba798032b3b4c493db6ce35;67316b6d-71b9-4638-be74-16164d8fe6b3)

Cannot access gated repo for url https://huggingface.co/meta-llama/Meta-Llama-3-8B-Instruct/resolve/main/config.json.
Access to model meta-llama/Meta-Llama-3-8B-Instruct is restricted and you are not in the authorized list. Visit https://huggingface.co/meta-llama/Meta-Llama-3-8B-Instruct to ask for access.",,OOM/Error
Llama-3 8B Instruct,meta-llama/Meta-Llama-3-8B-Instruct,5,Science,"Explain what photosynthesis is, what inputs it needs, and what it produces.",,,,"LOAD ERROR: You are trying to access a gated repo.
Make sure to have access to it at https://huggingface.co/meta-llama/Meta-Llama-3-8B-Instruct.
403 Client Error. (Request ID: Root=1-69982aea-4ba798032b3b4c493db6ce35;67316b6d-71b9-4638-be74-16164d8fe6b3)

Cannot access gated repo for url https://huggingface.co/meta-llama/Meta-Llama-3-8B-Instruct/resolve/main/config.json.
Access to model meta-llama/Meta-Llama-3-8B-Instruct is restricted and you are not in the authorized list. Visit https://huggingface.co/meta-llama/Meta-Llama-3-8B-Instruct to ask for access.",,OOM/Error
Llama-3 8B Instruct,meta-llama/Meta-Llama-3-8B-Instruct,6,Science,What is cellular respiration and how does it differ from breathing?,,,,"LOAD ERROR: You are trying to access a gated repo.
Make sure to have access to it at https://huggingface.co/meta-llama/Meta-Llama-3-8B-Instruct.
403 Client Error. (Request ID: Root=1-69982aea-4ba798032b3b4c493db6ce35;67316b6d-71b9-4638-be74-16164d8fe6b3)

Cannot access gated repo for url https://huggingface.co/meta-llama/Meta-Llama-3-8B-Instruct/resolve/main/config.json.
Access to model meta-llama/Meta-Llama-3-8B-Instruct is restricted and you are not in the authorized list. Visit https://huggingface.co/meta-llama/Meta-Llama-3-8B-Instruct to ask for access.",,OOM/Error
Llama-3 8B Instruct,meta-llama/Meta-Llama-3-8B-Instruct,7,Science,Explain the structure of DNA and what base pairing rules apply.,,,,"LOAD ERROR: You are trying to access a gated repo.
Make sure to have access to it at https://huggingface.co/meta-llama/Meta-Llama-3-8B-Instruct.
403 Client Error. (Request ID: Root=1-69982aea-4ba798032b3b4c493db6ce35;67316b6d-71b9-4638-be74-16164d8fe6b3)

Cannot access gated repo for url https://huggingface.co/meta-llama/Meta-Llama-3-8B-Instruct/resolve/main/config.json.
Access to model meta-llama/Meta-Llama-3-8B-Instruct is restricted and you are not in the authorized list. Visit https://huggingface.co/meta-llama/Meta-Llama-3-8B-Instruct to ask for access.",,OOM/Error
Llama-3 8B Instruct,meta-llama/Meta-Llama-3-8B-Instruct,8,Science,What is mitosis and why do cells need to divide?,,,,"LOAD ERROR: You are trying to access a gated repo.
Make sure to have access to it at https://huggingface.co/meta-llama/Meta-Llama-3-8B-Instruct.
403 Client Error. (Request ID: Root=1-69982aea-4ba798032b3b4c493db6ce35;67316b6d-71b9-4638-be74-16164d8fe6b3)

Cannot access gated repo for url https://huggingface.co/meta-llama/Meta-Llama-3-8B-Instruct/resolve/main/config.json.
Access to model meta-llama/Meta-Llama-3-8B-Instruct is restricted and you are not in the authorized list. Visit https://huggingface.co/meta-llama/Meta-Llama-3-8B-Instruct to ask for access.",,OOM/Error
Llama-3 8B Instruct,meta-llama/Meta-Llama-3-8B-Instruct,9,Programming-CS,What is a variable in programming? Explain it like I'm 10 years old using a box analogy.,,,,"LOAD ERROR: You are trying to access a gated repo.
Make sure to have access to it at https://huggingface.co/meta-llama/Meta-Llama-3-8B-Instruct.
403 Client Error. (Request ID: Root=1-69982aea-4ba798032b3b4c493db6ce35;67316b6d-71b9-4638-be74-16164d8fe6b3)

Cannot access gated repo for url https://huggingface.co/meta-llama/Meta-Llama-3-8B-Instruct/resolve/main/config.json.
Access to model meta-llama/Meta-Llama-3-8B-Instruct is restricted and you are not in the authorized list. Visit https://huggingface.co/meta-llama/Meta-Llama-3-8B-Instruct to ask for access.",,OOM/Error
Llama-3 8B Instruct,meta-llama/Meta-Llama-3-8B-Instruct,10,Programming-CS,What is a 'For Loop'? Explain it like a chore list.,,,,"LOAD ERROR: You are trying to access a gated repo.
Make sure to have access to it at https://huggingface.co/meta-llama/Meta-Llama-3-8B-Instruct.
403 Client Error. (Request ID: Root=1-69982aea-4ba798032b3b4c493db6ce35;67316b6d-71b9-4638-be74-16164d8fe6b3)

Cannot access gated repo for url https://huggingface.co/meta-llama/Meta-Llama-3-8B-Instruct/resolve/main/config.json.
Access to model meta-llama/Meta-Llama-3-8B-Instruct is restricted and you are not in the authorized list. Visit https://huggingface.co/meta-llama/Meta-Llama-3-8B-Instruct to ask for access.",,OOM/Error
Llama-3 8B Instruct,meta-llama/Meta-Llama-3-8B-Instruct,11,Programming-CS,Explain what an 'if statement' is in programming using a traffic light analogy.,,,,"LOAD ERROR: You are trying to access a gated repo.
Make sure to have access to it at https://huggingface.co/meta-llama/Meta-Llama-3-8B-Instruct.
403 Client Error. (Request ID: Root=1-69982aea-4ba798032b3b4c493db6ce35;67316b6d-71b9-4638-be74-16164d8fe6b3)

Cannot access gated repo for url https://huggingface.co/meta-llama/Meta-Llama-3-8B-Instruct/resolve/main/config.json.
Access to model meta-llama/Meta-Llama-3-8B-Instruct is restricted and you are not in the authorized list. Visit https://huggingface.co/meta-llama/Meta-Llama-3-8B-Instruct to ask for access.",,OOM/Error
Llama-3 8B Instruct,meta-llama/Meta-Llama-3-8B-Instruct,12,Programming-CS,What is a function in programming and why do we use them?,,,,"LOAD ERROR: You are trying to access a gated repo.
Make sure to have access to it at https://huggingface.co/meta-llama/Meta-Llama-3-8B-Instruct.
403 Client Error. (Request ID: Root=1-69982aea-4ba798032b3b4c493db6ce35;67316b6d-71b9-4638-be74-16164d8fe6b3)

Cannot access gated repo for url https://huggingface.co/meta-llama/Meta-Llama-3-8B-Instruct/resolve/main/config.json.
Access to model meta-llama/Meta-Llama-3-8B-Instruct is restricted and you are not in the authorized list. Visit https://huggingface.co/meta-llama/Meta-Llama-3-8B-Instruct to ask for access.",,OOM/Error
Llama-3 8B Instruct,meta-llama/Meta-Llama-3-8B-Instruct,13,Humanities,"Explain the main causes of World War I using the MAIN acronym (Militarism, Alliances, Imperialism, Nationalism).",,,,"LOAD ERROR: You are trying to access a gated repo.
Make sure to have access to it at https://huggingface.co/meta-llama/Meta-Llama-3-8B-Instruct.
403 Client Error. (Request ID: Root=1-69982aea-4ba798032b3b4c493db6ce35;67316b6d-71b9-4638-be74-16164d8fe6b3)

Cannot access gated repo for url https://huggingface.co/meta-llama/Meta-Llama-3-8B-Instruct/resolve/main/config.json.
Access to model meta-llama/Meta-Llama-3-8B-Instruct is restricted and you are not in the authorized list. Visit https://huggingface.co/meta-llama/Meta-Llama-3-8B-Instruct to ask for access.",,OOM/Error
Llama-3 8B Instruct,meta-llama/Meta-Llama-3-8B-Instruct,14,Humanities,What was the significance of the French Revolution and what were its key outcomes?,,,,"LOAD ERROR: You are trying to access a gated repo.
Make sure to have access to it at https://huggingface.co/meta-llama/Meta-Llama-3-8B-Instruct.
403 Client Error. (Request ID: Root=1-69982aea-4ba798032b3b4c493db6ce35;67316b6d-71b9-4638-be74-16164d8fe6b3)

Cannot access gated repo for url https://huggingface.co/meta-llama/Meta-Llama-3-8B-Instruct/resolve/main/config.json.
Access to model meta-llama/Meta-Llama-3-8B-Instruct is restricted and you are not in the authorized list. Visit https://huggingface.co/meta-llama/Meta-Llama-3-8B-Instruct to ask for access.",,OOM/Error
Llama-3 8B Instruct,meta-llama/Meta-Llama-3-8B-Instruct,15,Humanities,Explain what the Industrial Revolution was and how it changed society.,,,,"LOAD ERROR: You are trying to access a gated repo.
Make sure to have access to it at https://huggingface.co/meta-llama/Meta-Llama-3-8B-Instruct.
403 Client Error. (Request ID: Root=1-69982aea-4ba798032b3b4c493db6ce35;67316b6d-71b9-4638-be74-16164d8fe6b3)

Cannot access gated repo for url https://huggingface.co/meta-llama/Meta-Llama-3-8B-Instruct/resolve/main/config.json.
Access to model meta-llama/Meta-Llama-3-8B-Instruct is restricted and you are not in the authorized list. Visit https://huggingface.co/meta-llama/Meta-Llama-3-8B-Instruct to ask for access.",,OOM/Error
Llama-3 8B Instruct,meta-llama/Meta-Llama-3-8B-Instruct,16,Humanities,What was the Cold War and what were the main tensions between the USA and USSR?,,,,"LOAD ERROR: You are trying to access a gated repo.
Make sure to have access to it at https://huggingface.co/meta-llama/Meta-Llama-3-8B-Instruct.
403 Client Error. (Request ID: Root=1-69982aea-4ba798032b3b4c493db6ce35;67316b6d-71b9-4638-be74-16164d8fe6b3)

Cannot access gated repo for url https://huggingface.co/meta-llama/Meta-Llama-3-8B-Instruct/resolve/main/config.json.
Access to model meta-llama/Meta-Llama-3-8B-Instruct is restricted and you are not in the authorized list. Visit https://huggingface.co/meta-llama/Meta-Llama-3-8B-Instruct to ask for access.",,OOM/Error
Llama-3 8B Instruct,meta-llama/Meta-Llama-3-8B-Instruct,17,Meta-cognition,Explain what metacognition means and why thinking about your own thinking helps you learn better.,,,,"LOAD ERROR: You are trying to access a gated repo.
Make sure to have access to it at https://huggingface.co/meta-llama/Meta-Llama-3-8B-Instruct.
403 Client Error. (Request ID: Root=1-69982aea-4ba798032b3b4c493db6ce35;67316b6d-71b9-4638-be74-16164d8fe6b3)

Cannot access gated repo for url https://huggingface.co/meta-llama/Meta-Llama-3-8B-Instruct/resolve/main/config.json.
Access to model meta-llama/Meta-Llama-3-8B-Instruct is restricted and you are not in the authorized list. Visit https://huggingface.co/meta-llama/Meta-Llama-3-8B-Instruct to ask for access.",,OOM/Error
Llama-3 8B Instruct,meta-llama/Meta-Llama-3-8B-Instruct,18,Meta-cognition,What is spaced repetition and why is it more effective than cramming?,,,,"LOAD ERROR: You are trying to access a gated repo.
Make sure to have access to it at https://huggingface.co/meta-llama/Meta-Llama-3-8B-Instruct.
403 Client Error. (Request ID: Root=1-69982aea-4ba798032b3b4c493db6ce35;67316b6d-71b9-4638-be74-16164d8fe6b3)

Cannot access gated repo for url https://huggingface.co/meta-llama/Meta-Llama-3-8B-Instruct/resolve/main/config.json.
Access to model meta-llama/Meta-Llama-3-8B-Instruct is restricted and you are not in the authorized list. Visit https://huggingface.co/meta-llama/Meta-Llama-3-8B-Instruct to ask for access.",,OOM/Error
Llama-3 8B Instruct,meta-llama/Meta-Llama-3-8B-Instruct,19,Meta-cognition,Explain the Pomodoro technique for studying and why it works.,,,,"LOAD ERROR: You are trying to access a gated repo.
Make sure to have access to it at https://huggingface.co/meta-llama/Meta-Llama-3-8B-Instruct.
403 Client Error. (Request ID: Root=1-69982aea-4ba798032b3b4c493db6ce35;67316b6d-71b9-4638-be74-16164d8fe6b3)

Cannot access gated repo for url https://huggingface.co/meta-llama/Meta-Llama-3-8B-Instruct/resolve/main/config.json.
Access to model meta-llama/Meta-Llama-3-8B-Instruct is restricted and you are not in the authorized list. Visit https://huggingface.co/meta-llama/Meta-Llama-3-8B-Instruct to ask for access.",,OOM/Error
Llama-3 8B Instruct,meta-llama/Meta-Llama-3-8B-Instruct,20,Meta-cognition,What is active recall and how does it differ from passive re-reading?,,,,"LOAD ERROR: You are trying to access a gated repo.
Make sure to have access to it at https://huggingface.co/meta-llama/Meta-Llama-3-8B-Instruct.
403 Client Error. (Request ID: Root=1-69982aea-4ba798032b3b4c493db6ce35;67316b6d-71b9-4638-be74-16164d8fe6b3)

Cannot access gated repo for url https://huggingface.co/meta-llama/Meta-Llama-3-8B-Instruct/resolve/main/config.json.
Access to model meta-llama/Meta-Llama-3-8B-Instruct is restricted and you are not in the authorized list. Visit https://huggingface.co/meta-llama/Meta-Llama-3-8B-Instruct to ask for access.",,OOM/Error
Mistral 7B Instruct v0.3,mistralai/Mistral-7B-Instruct-v0.3,1,Mathematics,"Explain how to solve a quadratic equation using the quadratic formula, and walk through the steps for solving 2x² + 5x - 3 = 0.",82.8352,3342.49,101.89,"To solve a quadratic equation using the quadratic formula, we'll use the equation ax² + bx + c = 0, where a, b, and c are constants, and x is the variable we're trying to find. The quadratic formula is x = [-b ± sqrt(b² - 4ac)] / (2a).

Here's how to solve the given equation 2x² + 5x - 3 = 0:

1. Identify the coefficients a, b, and c:
   - a = 2
   - b = 5
   - c = -3

2. Plug the values of a, b, and c into the quadratic formula:
   x = [-5 ± sqrt((5)² - 4*2*(-3))] / (2*2)

3. Calculate the value under the square root",13.36,OK
Mistral 7B Instruct v0.3,mistralai/Mistral-7B-Instruct-v0.3,2,Mathematics,What is the difference between a function and a relation? Give an example of each.,80.2939,3412.8,104.04,"A function is a special type of relation where each input (also known as the independent variable) has only one output (also known as the dependent variable). In other words, for every unique input, there is exactly one output.

A relation, on the other hand, is any set of ordered pairs where the first element of each pair is related to the second element in some way. In a relation, the same input can have multiple outputs.

Here's an example to illustrate the difference:

1. Function: Let's consider the function f(x) = x^2. This function takes an input (x), squares it, and gives us the output. For example, f(2) = 4, f(3) = 9, and f(-2) = 4 (since squaring a number twice gives the same result). Notice that for each input, there is only one output.

2. Relation",13.36,OK
Mistral 7B Instruct v0.3,mistralai/Mistral-7B-Instruct-v0.3,3,Mathematics,Explain what the slope of a line represents and how to calculate it from two points.,81.7688,3661.72,106.32,"The slope of a line is a fundamental concept in linear algebra and calculus, representing the steepness or gradient of a line. It measures the rate of change of the dependent variable with respect to the independent variable, or in other words, how much the y-coordinate changes for each unit change in the x-coordinate.

To calculate the slope (m) of a line from two points (x1, y1) and (x2, y2), you can use the formula:

m = (y2 - y1) / (x2 - x1)

This formula is valid as long as x1 ≠ x2, because division by zero is undefined. If the points are collinear (i.e., they lie on the same line), the slope will be well-defined.

Here's an example:

Suppose we have two points (2, 5) and (6, 1",13.36,OK
Mistral 7B Instruct v0.3,mistralai/Mistral-7B-Instruct-v0.3,4,Mathematics,How do you factor a trinomial of the form ax² + bx + c? Show the process with an example.,83.0071,3804.57,107.37,"The trinomial of the form ax² + bx + c is called a quadratic trinomial, and it can be factored if it follows the pattern of a perfect square trinomial. A perfect square trinomial has the form (a + b)² = a² + 2ab + b².

To factor a quadratic trinomial ax² + bx + c, we can use the following steps:

1. Find two numbers that multiply to give the middle term (b) and add to give the leading coefficient (a). Let's call these numbers x and y. So, x * y = b and x + y = a.

2. Rewrite the trinomial using these factors:
   ax² + bx + c = a(x² + (b/a)x + (c/a))

3. Group the first and",13.36,OK
Mistral 7B Instruct v0.3,mistralai/Mistral-7B-Instruct-v0.3,5,Science,"Explain what photosynthesis is, what inputs it needs, and what it produces.",82.632,3738.2,106.77,"Photosynthesis is a process used by plants, algae, and some bacteria to convert light energy, usually from the sun, into chemical energy in the form of glucose (a type of sugar). This process also releases oxygen as a byproduct. The overall chemical equation for photosynthesis is:

6CO2 + 6H2O + light energy → C6H12O6 (glucose) + 6O2 (oxygen)

Here's a breakdown of the inputs and outputs:

1. Inputs:
   - Carbon dioxide (CO2): This is taken from the air or water, depending on the organism.
   - Water (H2O): Plants absorb water through their roots and use it in the photosynthesis process.
   - Light energy: This is energy from the sun, which is absorbed by chlorophyll in the plant",13.36,OK
Mistral 7B Instruct v0.3,mistralai/Mistral-7B-Instruct-v0.3,6,Science,What is cellular respiration and how does it differ from breathing?,81.6342,3699.24,106.85,"Cellular respiration and breathing are related but distinct processes.

1. Breathing (also known as ventilation) is the process of moving air in and out of the lungs. In humans, this is accomplished through the action of the diaphragm and the intercostal muscles, which expand the chest cavity and allow air to flow into the lungs, and then contract to force air out. The primary function of breathing is to supply oxygen to the body's cells and to remove carbon dioxide, a waste product of cellular metabolism.

2. Cellular respiration, on the other hand, is a series of metabolic processes that occur within the cells of organisms to convert biochemical energy from nutrients into adenosine triphosphate (ATP), and then release waste products. There are three stages of cellular respiration: glycolysis, the pyruvate oxid",13.36,OK
Mistral 7B Instruct v0.3,mistralai/Mistral-7B-Instruct-v0.3,7,Science,Explain the structure of DNA and what base pairing rules apply.,82.6589,3731.44,106.68,"DNA (Deoxyribonucleic Acid) is a double-stranded molecule that carries the genetic instructions used in the growth, development, functioning, and reproduction of all known organisms and many viruses. It is composed of three main components:

1. Deoxyribose: A five-carbon sugar that forms the backbone of the DNA molecule.

2. Phosphate: A negatively charged molecule that attaches to the deoxyribose sugar to form a phosphate-deoxyribose backbone.

3. Nitrogenous bases: Four types of nitrogenous bases are found in DNA: Adenine (A), Thymine (T), Guanine (G), and Cytosine (C). These bases are attached to the deoxyribose sugar through a bond.

The structure of DNA is a double helix, where the two strands run",13.36,OK
Mistral 7B Instruct v0.3,mistralai/Mistral-7B-Instruct-v0.3,8,Science,What is mitosis and why do cells need to divide?,81.4116,3679.82,106.73,"Mitosis is a process of cell division that results in two identical daughter cells. It is a fundamental mechanism by which cells grow and reproduce, allowing for the growth of organisms, tissue repair, and the development of new cells for specialized functions.

During mitosis, the cell's chromosomes are duplicated, and the duplicated chromosomes are separated into two identical sets, each contained within a new nucleus in the daughter cells. The cell then divides, forming two identical daughter cells.

Cells need to divide for several reasons:

1. Growth: As organisms grow, new cells are needed to increase the size of tissues and organs.
2. Tissue repair: When cells are damaged or die, mitosis allows for the replacement of these cells, helping to maintain the integrity of tissues and organs.
3. Development: During embryonic development, cells divide rapidly to form the various tissues and",13.36,OK
Mistral 7B Instruct v0.3,mistralai/Mistral-7B-Instruct-v0.3,9,Programming-CS,What is a variable in programming? Explain it like I'm 10 years old using a box analogy.,82.6485,3776.75,107.23,"Alright, let's imagine you have a box. This box can hold different things, like a toy, a candy, or a note. In programming, a variable is like that box.

Just like your box, a variable can hold different things, but instead of physical items, it holds values. For example, you can have a variable that holds your favorite toy, another one that holds the number of candies you have, and another one that holds a message you want to remember.

You can give names to your boxes to easily remember what's inside. For example, you might name your toy box ""toyBox"", the candy box ""candyBox"", and the message box ""message"". In programming, we also give names to our variables.

You can put different things in your boxes at different times. For example, you might put a different toy in your toy box, or eat some candies and put a different number in your candy",13.36,OK
Mistral 7B Instruct v0.3,mistralai/Mistral-7B-Instruct-v0.3,10,Programming-CS,What is a 'For Loop'? Explain it like a chore list.,82.0323,3728.23,106.98,"A 'For Loop' in programming is like a list of chores that need to be repeated a certain number of times. Here's a simple explanation:

1. **Set the initial condition:** This is like setting the first chore. For example, you might say, ""I will clean 5 rooms."" In a For Loop, you would write something like this: `for (let i = 0; i < 5; i++) {...}`. Here, `i` is a variable that starts at 0 (the first room).

2. **The condition to continue:** This is like checking if there's a chore left to do. For example, ""If the room is not clean, clean it."" In a For Loop, you would write something like this: `if (room[i] !== 'clean') {...}`. Here, `room[i]` represents the current room, and the",13.36,OK
Mistral 7B Instruct v0.3,mistralai/Mistral-7B-Instruct-v0.3,11,Programming-CS,Explain what an 'if statement' is in programming using a traffic light analogy.,81.8471,3717.77,106.96,"In programming, an 'if statement' is a control structure that allows the flow of a program to be divided into two or more paths based on a certain condition. Let's use a traffic light analogy to understand this:

Imagine you're at an intersection with three possible paths (representing different blocks) and a traffic light controlling the flow of traffic. The traffic light has three states: red, yellow, and green.

1. Red (False condition): When the light is red, no vehicles are allowed to pass through any of the paths. This is similar to an 'if' statement where the condition is false, and the code inside the block will not be executed.

```python
if condition_is_red:
    print(""Stop"")
```

2. Yellow (Potential condition): When the light is yellow, vehicles should prepare to stop if necessary. This is similar to an 'if...else",13.36,OK
Mistral 7B Instruct v0.3,mistralai/Mistral-7B-Instruct-v0.3,12,Programming-CS,What is a function in programming and why do we use them?,80.994,3677.27,106.94,"A function in programming is a self-contained block of code that performs a specific task. Functions allow programmers to reuse code, making it easier to write, debug, and maintain programs. They encapsulate a piece of logic, making it modular and reusable.

Here are some reasons why we use functions in programming:

1. **Reusability**: Functions can be called multiple times throughout a program, reducing the need to write the same code repeatedly. This makes the code more efficient and easier to manage.

2. **Modularity**: Functions help break down a large program into smaller, manageable pieces. This makes the code easier to understand, test, and debug.

3. **Readability**: Functions give names to blocks of code, making the code easier to read and understand. Instead of having to follow a long sequence of instructions, you can look at the function name to understand what the code does",13.36,OK
Mistral 7B Instruct v0.3,mistralai/Mistral-7B-Instruct-v0.3,13,Humanities,"Explain the main causes of World War I using the MAIN acronym (Militarism, Alliances, Imperialism, Nationalism).",83.2279,3809.95,107.31,"1. Militarism: The arms race and military buildup among European nations, particularly Germany and Britain, played a significant role in the escalation of tensions that led to World War I. Militarism led to increased military spending, the development of new weapons, and a focus on national security, which created an atmosphere of competition and hostility among nations.

2. Alliances: The complex system of alliances among European nations created a web of obligations and commitments that made it difficult to avoid war once a conflict broke out. The Triple Entente (France, Russia, and Britain) and the Central Powers (Germany, Austria-Hungary, and Italy) were the two main alliances. These alliances meant that if one nation was attacked, its allies were obligated to come to its defense.

3. Imperialism: The competition for colonies and resources in Africa, Asia, and the Pacific created tensions among",13.36,OK
Mistral 7B Instruct v0.3,mistralai/Mistral-7B-Instruct-v0.3,14,Humanities,What was the significance of the French Revolution and what were its key outcomes?,81.3379,3695.55,106.97,"The French Revolution, which took place from 1789 to 1799, was a transformative event in world history, particularly in Europe. It marked a turning point in the development of modern democracy, human rights, and nationalism.

1. **End of the Old Regime**: The French Revolution brought an end to the absolute monarchy and the feudal system that had dominated France for centuries. The old regime was characterized by a rigid social hierarchy, where the nobility and clergy held significant power, and the common people had few rights.

2. **Establishment of the First French Republic**: The revolutionaries established the First French Republic in 1792, replacing the monarchy with a democratic government. This was a significant shift towards modern democracy, as it marked the first time a major European country was governed by a republic rather than a monarchy.

3. **Declaration of the Rights of Man and Citizen",13.36,OK
Mistral 7B Instruct v0.3,mistralai/Mistral-7B-Instruct-v0.3,15,Humanities,Explain what the Industrial Revolution was and how it changed society.,81.5992,3690.38,106.76,"The Industrial Revolution was a period of profound social, economic, and technological change that began in the late 18th century and continued through the mid-19th century. It started in Great Britain and later spread to Western Europe and the United States. The Industrial Revolution marked a significant shift from agrarian, handcraft-based economies to ones dominated by industry and machine manufacturing.

The key factors that led to the Industrial Revolution were:

1. Technological Innovations: The development of new technologies, such as the steam engine, spinning jenny, power loom, and the mechanized cotton gin, made it possible to produce goods more efficiently and in larger quantities.

2. Availability of Resources: The abundance of coal, iron, and water power in Great Britain provided the energy needed to power the new machines.

3. Improved Transportation: The construction of canals, roads, and railways facilitated the movement of",13.36,OK
Mistral 7B Instruct v0.3,mistralai/Mistral-7B-Instruct-v0.3,16,Humanities,What was the Cold War and what were the main tensions between the USA and USSR?,82.1216,3741.99,107.1,"The Cold War was a geopolitical conflict that took place from approximately 1947 to 1991, although some historians argue that it began as early as 1945 and ended in 1991 with the dissolution of the Soviet Union. The Cold War was characterized by a state of political and military tension between the Western Bloc (led by the United States) and the Eastern Bloc (led by the Soviet Union), without a direct large-scale war between the two superpowers.

The main tensions between the USA and USSR during the Cold War were rooted in ideological, political, and military differences. Here are some key points:

1. Ideological Differences: The USA and the USSR had fundamentally different political ideologies. The USA was a capitalist democracy, while the USSR was a socialist state based on Marxist-Leninist principles. The USA advoc",13.36,OK
Mistral 7B Instruct v0.3,mistralai/Mistral-7B-Instruct-v0.3,17,Meta-cognition,Explain what metacognition means and why thinking about your own thinking helps you learn better.,81.9422,3735.94,107.13,"Metacognition refers to an individual's ability to think about their own thinking, or in other words, to be aware of and reflect upon their own cognitive processes. This includes understanding one's learning strengths and weaknesses, planning and monitoring one's learning strategies, and evaluating the effectiveness of those strategies.

Metacognition is crucial for effective learning because it allows individuals to take control of their own learning process. By reflecting on their thoughts, they can identify what they understand and what they don't, and adjust their learning strategies accordingly. This can help them to learn more efficiently and effectively, as they can focus their efforts on areas where they need the most improvement.

Additionally, metacognition can help individuals to become more independent learners, as they become more self-aware and self-directed in their learning. This can be particularly important in a world where the nature of work is changing and the ability to learn and adapt quickly",13.36,OK
Mistral 7B Instruct v0.3,mistralai/Mistral-7B-Instruct-v0.3,18,Meta-cognition,What is spaced repetition and why is it more effective than cramming?,81.5622,3705.1,106.96,"Spaced Repetition is a learning technique that involves increasing intervals of time between subsequent review of previously learned material in order to exploit the psychological spacing effect. This method is based on the observation that remembering takes more effort than learning, and the effort required to remember decreases each time the information is recalled if enough time has passed since the last recall.

The main idea behind Spaced Repetition is to review material at increasing intervals, starting with a short interval (like hours or days) for new information, then gradually increasing the interval between reviews as the material becomes more familiar. This helps to reinforce the memory and make it more durable over time.

Compared to cramming, which involves studying large amounts of information in a short period of time, Spaced Repetition is more effective because it allows the brain to consolidate the information more effectively. Cramming can lead to a temporary boost in memory, but it doesn't create long-term ret",13.36,OK
Mistral 7B Instruct v0.3,mistralai/Mistral-7B-Instruct-v0.3,19,Meta-cognition,Explain the Pomodoro technique for studying and why it works.,81.3484,3691.67,106.92,"The Pomodoro Technique is a time management method developed by Francesco Cirillo in the late 1980s. It's a simple yet effective technique that uses a timer to break down work into intervals, traditionally 25 minutes in length, separated by short breaks. Here's a breakdown of how it works:

1. **Choose a task**: Decide on the task you want to accomplish. Make sure it's specific and manageable.

2. **Set the Pomodoro**: Start a timer (the name comes from the tomato-shaped timer Cirillo used initially) for 25 minutes. This is your Pomodoro.

3. **Work on the task**: Focus on the task without distractions for the duration of the Pomodoro. If you get interrupted, simply reset the timer and start again.

4. **Take a short break**: After the Pomodoro, take a",13.36,OK
Mistral 7B Instruct v0.3,mistralai/Mistral-7B-Instruct-v0.3,20,Meta-cognition,What is active recall and how does it differ from passive re-reading?,81.693,3707.09,106.91,"Active recall and passive re-reading are two different methods used in learning and memory retention.

1. Passive Re-reading: This is a common method where a person simply reads the same material multiple times without actively engaging with the information. The goal is to reinforce the information in the mind, but the learning process is largely passive. This method may help in short-term memory retention, but it's not very effective for long-term retention.

2. Active Recall: This is a more active and effective method of learning. In active recall, a person attempts to recall information from memory without looking at the original source. This could involve questions, self-testing, or explaining the information to someone else. The act of actively trying to remember something strengthens the neural connections in the brain, making the information easier to recall in the future. Active recall is considered more effective for long-term memory retention because it forces the brain to actively",13.36,OK
Gemma 7B Instruct,google/gemma-7b-it,1,Mathematics,"Explain how to solve a quadratic equation using the quadratic formula, and walk through the steps for solving 2x² + 5x - 3 = 0.",,,,"LOAD ERROR: You are trying to access a gated repo.
Make sure to have access to it at https://huggingface.co/google/gemma-7b-it.
403 Client Error. (Request ID: Root=1-699832a7-7b255beb18c5aa117d03553e;f3971498-5b3e-4c53-bfe6-1cca0129477f)

Cannot access gated repo for url https://huggingface.co/google/gemma-7b-it/resolve/main/config.json.
Access to model google/gemma-7b-it is restricted and you are not in the authorized list. Visit https://huggingface.co/google/gemma-7b-it to ask for access.",,OOM/Error
Gemma 7B Instruct,google/gemma-7b-it,2,Mathematics,What is the difference between a function and a relation? Give an example of each.,,,,"LOAD ERROR: You are trying to access a gated repo.
Make sure to have access to it at https://huggingface.co/google/gemma-7b-it.
403 Client Error. (Request ID: Root=1-699832a7-7b255beb18c5aa117d03553e;f3971498-5b3e-4c53-bfe6-1cca0129477f)

Cannot access gated repo for url https://huggingface.co/google/gemma-7b-it/resolve/main/config.json.
Access to model google/gemma-7b-it is restricted and you are not in the authorized list. Visit https://huggingface.co/google/gemma-7b-it to ask for access.",,OOM/Error
Gemma 7B Instruct,google/gemma-7b-it,3,Mathematics,Explain what the slope of a line represents and how to calculate it from two points.,,,,"LOAD ERROR: You are trying to access a gated repo.
Make sure to have access to it at https://huggingface.co/google/gemma-7b-it.
403 Client Error. (Request ID: Root=1-699832a7-7b255beb18c5aa117d03553e;f3971498-5b3e-4c53-bfe6-1cca0129477f)

Cannot access gated repo for url https://huggingface.co/google/gemma-7b-it/resolve/main/config.json.
Access to model google/gemma-7b-it is restricted and you are not in the authorized list. Visit https://huggingface.co/google/gemma-7b-it to ask for access.",,OOM/Error
Gemma 7B Instruct,google/gemma-7b-it,4,Mathematics,How do you factor a trinomial of the form ax² + bx + c? Show the process with an example.,,,,"LOAD ERROR: You are trying to access a gated repo.
Make sure to have access to it at https://huggingface.co/google/gemma-7b-it.
403 Client Error. (Request ID: Root=1-699832a7-7b255beb18c5aa117d03553e;f3971498-5b3e-4c53-bfe6-1cca0129477f)

Cannot access gated repo for url https://huggingface.co/google/gemma-7b-it/resolve/main/config.json.
Access to model google/gemma-7b-it is restricted and you are not in the authorized list. Visit https://huggingface.co/google/gemma-7b-it to ask for access.",,OOM/Error
Gemma 7B Instruct,google/gemma-7b-it,5,Science,"Explain what photosynthesis is, what inputs it needs, and what it produces.",,,,"LOAD ERROR: You are trying to access a gated repo.
Make sure to have access to it at https://huggingface.co/google/gemma-7b-it.
403 Client Error. (Request ID: Root=1-699832a7-7b255beb18c5aa117d03553e;f3971498-5b3e-4c53-bfe6-1cca0129477f)

Cannot access gated repo for url https://huggingface.co/google/gemma-7b-it/resolve/main/config.json.
Access to model google/gemma-7b-it is restricted and you are not in the authorized list. Visit https://huggingface.co/google/gemma-7b-it to ask for access.",,OOM/Error
Gemma 7B Instruct,google/gemma-7b-it,6,Science,What is cellular respiration and how does it differ from breathing?,,,,"LOAD ERROR: You are trying to access a gated repo.
Make sure to have access to it at https://huggingface.co/google/gemma-7b-it.
403 Client Error. (Request ID: Root=1-699832a7-7b255beb18c5aa117d03553e;f3971498-5b3e-4c53-bfe6-1cca0129477f)

Cannot access gated repo for url https://huggingface.co/google/gemma-7b-it/resolve/main/config.json.
Access to model google/gemma-7b-it is restricted and you are not in the authorized list. Visit https://huggingface.co/google/gemma-7b-it to ask for access.",,OOM/Error
Gemma 7B Instruct,google/gemma-7b-it,7,Science,Explain the structure of DNA and what base pairing rules apply.,,,,"LOAD ERROR: You are trying to access a gated repo.
Make sure to have access to it at https://huggingface.co/google/gemma-7b-it.
403 Client Error. (Request ID: Root=1-699832a7-7b255beb18c5aa117d03553e;f3971498-5b3e-4c53-bfe6-1cca0129477f)

Cannot access gated repo for url https://huggingface.co/google/gemma-7b-it/resolve/main/config.json.
Access to model google/gemma-7b-it is restricted and you are not in the authorized list. Visit https://huggingface.co/google/gemma-7b-it to ask for access.",,OOM/Error
Gemma 7B Instruct,google/gemma-7b-it,8,Science,What is mitosis and why do cells need to divide?,,,,"LOAD ERROR: You are trying to access a gated repo.
Make sure to have access to it at https://huggingface.co/google/gemma-7b-it.
403 Client Error. (Request ID: Root=1-699832a7-7b255beb18c5aa117d03553e;f3971498-5b3e-4c53-bfe6-1cca0129477f)

Cannot access gated repo for url https://huggingface.co/google/gemma-7b-it/resolve/main/config.json.
Access to model google/gemma-7b-it is restricted and you are not in the authorized list. Visit https://huggingface.co/google/gemma-7b-it to ask for access.",,OOM/Error
Gemma 7B Instruct,google/gemma-7b-it,9,Programming-CS,What is a variable in programming? Explain it like I'm 10 years old using a box analogy.,,,,"LOAD ERROR: You are trying to access a gated repo.
Make sure to have access to it at https://huggingface.co/google/gemma-7b-it.
403 Client Error. (Request ID: Root=1-699832a7-7b255beb18c5aa117d03553e;f3971498-5b3e-4c53-bfe6-1cca0129477f)

Cannot access gated repo for url https://huggingface.co/google/gemma-7b-it/resolve/main/config.json.
Access to model google/gemma-7b-it is restricted and you are not in the authorized list. Visit https://huggingface.co/google/gemma-7b-it to ask for access.",,OOM/Error
Gemma 7B Instruct,google/gemma-7b-it,10,Programming-CS,What is a 'For Loop'? Explain it like a chore list.,,,,"LOAD ERROR: You are trying to access a gated repo.
Make sure to have access to it at https://huggingface.co/google/gemma-7b-it.
403 Client Error. (Request ID: Root=1-699832a7-7b255beb18c5aa117d03553e;f3971498-5b3e-4c53-bfe6-1cca0129477f)

Cannot access gated repo for url https://huggingface.co/google/gemma-7b-it/resolve/main/config.json.
Access to model google/gemma-7b-it is restricted and you are not in the authorized list. Visit https://huggingface.co/google/gemma-7b-it to ask for access.",,OOM/Error
Gemma 7B Instruct,google/gemma-7b-it,11,Programming-CS,Explain what an 'if statement' is in programming using a traffic light analogy.,,,,"LOAD ERROR: You are trying to access a gated repo.
Make sure to have access to it at https://huggingface.co/google/gemma-7b-it.
403 Client Error. (Request ID: Root=1-699832a7-7b255beb18c5aa117d03553e;f3971498-5b3e-4c53-bfe6-1cca0129477f)

Cannot access gated repo for url https://huggingface.co/google/gemma-7b-it/resolve/main/config.json.
Access to model google/gemma-7b-it is restricted and you are not in the authorized list. Visit https://huggingface.co/google/gemma-7b-it to ask for access.",,OOM/Error
Gemma 7B Instruct,google/gemma-7b-it,12,Programming-CS,What is a function in programming and why do we use them?,,,,"LOAD ERROR: You are trying to access a gated repo.
Make sure to have access to it at https://huggingface.co/google/gemma-7b-it.
403 Client Error. (Request ID: Root=1-699832a7-7b255beb18c5aa117d03553e;f3971498-5b3e-4c53-bfe6-1cca0129477f)

Cannot access gated repo for url https://huggingface.co/google/gemma-7b-it/resolve/main/config.json.
Access to model google/gemma-7b-it is restricted and you are not in the authorized list. Visit https://huggingface.co/google/gemma-7b-it to ask for access.",,OOM/Error
Gemma 7B Instruct,google/gemma-7b-it,13,Humanities,"Explain the main causes of World War I using the MAIN acronym (Militarism, Alliances, Imperialism, Nationalism).",,,,"LOAD ERROR: You are trying to access a gated repo.
Make sure to have access to it at https://huggingface.co/google/gemma-7b-it.
403 Client Error. (Request ID: Root=1-699832a7-7b255beb18c5aa117d03553e;f3971498-5b3e-4c53-bfe6-1cca0129477f)

Cannot access gated repo for url https://huggingface.co/google/gemma-7b-it/resolve/main/config.json.
Access to model google/gemma-7b-it is restricted and you are not in the authorized list. Visit https://huggingface.co/google/gemma-7b-it to ask for access.",,OOM/Error
Gemma 7B Instruct,google/gemma-7b-it,14,Humanities,What was the significance of the French Revolution and what were its key outcomes?,,,,"LOAD ERROR: You are trying to access a gated repo.
Make sure to have access to it at https://huggingface.co/google/gemma-7b-it.
403 Client Error. (Request ID: Root=1-699832a7-7b255beb18c5aa117d03553e;f3971498-5b3e-4c53-bfe6-1cca0129477f)

Cannot access gated repo for url https://huggingface.co/google/gemma-7b-it/resolve/main/config.json.
Access to model google/gemma-7b-it is restricted and you are not in the authorized list. Visit https://huggingface.co/google/gemma-7b-it to ask for access.",,OOM/Error
Gemma 7B Instruct,google/gemma-7b-it,15,Humanities,Explain what the Industrial Revolution was and how it changed society.,,,,"LOAD ERROR: You are trying to access a gated repo.
Make sure to have access to it at https://huggingface.co/google/gemma-7b-it.
403 Client Error. (Request ID: Root=1-699832a7-7b255beb18c5aa117d03553e;f3971498-5b3e-4c53-bfe6-1cca0129477f)

Cannot access gated repo for url https://huggingface.co/google/gemma-7b-it/resolve/main/config.json.
Access to model google/gemma-7b-it is restricted and you are not in the authorized list. Visit https://huggingface.co/google/gemma-7b-it to ask for access.",,OOM/Error
Gemma 7B Instruct,google/gemma-7b-it,16,Humanities,What was the Cold War and what were the main tensions between the USA and USSR?,,,,"LOAD ERROR: You are trying to access a gated repo.
Make sure to have access to it at https://huggingface.co/google/gemma-7b-it.
403 Client Error. (Request ID: Root=1-699832a7-7b255beb18c5aa117d03553e;f3971498-5b3e-4c53-bfe6-1cca0129477f)

Cannot access gated repo for url https://huggingface.co/google/gemma-7b-it/resolve/main/config.json.
Access to model google/gemma-7b-it is restricted and you are not in the authorized list. Visit https://huggingface.co/google/gemma-7b-it to ask for access.",,OOM/Error
Gemma 7B Instruct,google/gemma-7b-it,17,Meta-cognition,Explain what metacognition means and why thinking about your own thinking helps you learn better.,,,,"LOAD ERROR: You are trying to access a gated repo.
Make sure to have access to it at https://huggingface.co/google/gemma-7b-it.
403 Client Error. (Request ID: Root=1-699832a7-7b255beb18c5aa117d03553e;f3971498-5b3e-4c53-bfe6-1cca0129477f)

Cannot access gated repo for url https://huggingface.co/google/gemma-7b-it/resolve/main/config.json.
Access to model google/gemma-7b-it is restricted and you are not in the authorized list. Visit https://huggingface.co/google/gemma-7b-it to ask for access.",,OOM/Error
Gemma 7B Instruct,google/gemma-7b-it,18,Meta-cognition,What is spaced repetition and why is it more effective than cramming?,,,,"LOAD ERROR: You are trying to access a gated repo.
Make sure to have access to it at https://huggingface.co/google/gemma-7b-it.
403 Client Error. (Request ID: Root=1-699832a7-7b255beb18c5aa117d03553e;f3971498-5b3e-4c53-bfe6-1cca0129477f)

Cannot access gated repo for url https://huggingface.co/google/gemma-7b-it/resolve/main/config.json.
Access to model google/gemma-7b-it is restricted and you are not in the authorized list. Visit https://huggingface.co/google/gemma-7b-it to ask for access.",,OOM/Error
Gemma 7B Instruct,google/gemma-7b-it,19,Meta-cognition,Explain the Pomodoro technique for studying and why it works.,,,,"LOAD ERROR: You are trying to access a gated repo.
Make sure to have access to it at https://huggingface.co/google/gemma-7b-it.
403 Client Error. (Request ID: Root=1-699832a7-7b255beb18c5aa117d03553e;f3971498-5b3e-4c53-bfe6-1cca0129477f)

Cannot access gated repo for url https://huggingface.co/google/gemma-7b-it/resolve/main/config.json.
Access to model google/gemma-7b-it is restricted and you are not in the authorized list. Visit https://huggingface.co/google/gemma-7b-it to ask for access.",,OOM/Error
Gemma 7B Instruct,google/gemma-7b-it,20,Meta-cognition,What is active recall and how does it differ from passive re-reading?,,,,"LOAD ERROR: You are trying to access a gated repo.
Make sure to have access to it at https://huggingface.co/google/gemma-7b-it.
403 Client Error. (Request ID: Root=1-699832a7-7b255beb18c5aa117d03553e;f3971498-5b3e-4c53-bfe6-1cca0129477f)

Cannot access gated repo for url https://huggingface.co/google/gemma-7b-it/resolve/main/config.json.
Access to model google/gemma-7b-it is restricted and you are not in the authorized list. Visit https://huggingface.co/google/gemma-7b-it to ask for access.",,OOM/Error
TinyLlama 1.1B Chat,TinyLlama/TinyLlama-1.1B-Chat-v1.0,1,Mathematics,"Explain how to solve a quadratic equation using the quadratic formula, and walk through the steps for solving 2x² + 5x - 3 = 0.",8.0274,455.09,118.23,"Solving a quadratic equation using the quadratic formula involves breaking it down into two parts: the quadratic term (x² - b) and the quadratic coefficient (a). Here's how to solve a quadratic equation using the quadratic formula:

1. Identify the quadratic term:
   a) If the quadratic term is positive, it means that the equation has a positive real root.
   b) If the quadratic term is negative, it means that the equation has a negative real root.

2. Identify the quadratic coefficient:
   a) If the quadratic coefficient is positive, it means that the equation has a positive real root.
   b) If the quadratic coefficient is negative, it means that the equation has a negative real root.

3. Solve the quadratic equation using the quadratic formula:
   a) If the quadratic coefficient is positive, the quadratic formula is:
   x² - bx + c = 0
   x",2.21,OK
TinyLlama 1.1B Chat,TinyLlama/TinyLlama-1.1B-Chat-v1.0,2,Mathematics,What is the difference between a function and a relation? Give an example of each.,7.2312,421.19,119.78,"A function is a mathematical operation that takes a set of input values and produces a single output value. For example, the function ""sum"" takes a list of numbers as input and returns the sum of all the numbers in the list.

A relation is a set of elements that satisfy a certain condition. For example, the relation ""greater than"" takes two elements as input and returns true if the first element is greater than the second element, and false otherwise.

Here's an example of each:

Function:
- The function ""sum"" takes a list of numbers as input and returns the sum of all the numbers in the list.
- The function ""greater_than"" takes two elements as input and returns true if the first element is greater than the second element, and false otherwise.

Relation:
- The relation ""greater_than"" takes two elements as input and returns true if the first element is greater than the second",2.21,OK
TinyLlama 1.1B Chat,TinyLlama/TinyLlama-1.1B-Chat-v1.0,3,Mathematics,Explain what the slope of a line represents and how to calculate it from two points.,7.7127,429.83,117.26,"The slope of a line is the change in y-coordinate (the vertical distance) with respect to the change in x-coordinate (the horizontal distance). It is denoted by the Greek letter sigma (sigma), which is pronounced as ""sigma.""

To calculate the slope of a line from two points (a, b) and (c, d), we need to find the slope of the line passing through the points (a, b) and (c, d).

To find the slope of the line, we first need to find the slope of the line passing through the origin (0, 0). This is done by finding the slope of the line passing through the point (0, 0) and the point (a, b).

Let the slope of the line passing through the origin be m.

Now, let the slope of the line passing through the point (a, b) be n.

The slope of the line",2.21,OK
TinyLlama 1.1B Chat,TinyLlama/TinyLlama-1.1B-Chat-v1.0,4,Mathematics,How do you factor a trinomial of the form ax² + bx + c? Show the process with an example.,7.5699,435.47,119.06,"To factor a trinomial of the form ax² + bx + c, we follow the following steps:

1. Divide both sides of the equation by ax:
   - ax² + bx + c = (ax + b)²
   - (ax + b)² = (ax² + bx + c) + (ax + b)

2. Solve for x:
   - x = (ax + b) / (ax² + bx + c)
   - x = (ax + b) / (ax + b)

3. Repeat step 2 for each term:
   - x = (ax + b) / (ax² + bx + c)
   - x = (ax + b) / (ax + b)
   - x = (ax + b) / (ax + b)
   - x = (ax + b) /",2.21,OK
TinyLlama 1.1B Chat,TinyLlama/TinyLlama-1.1B-Chat-v1.0,5,Science,"Explain what photosynthesis is, what inputs it needs, and what it produces.",7.1938,419.1,119.79,"Photosynthesis is a process in which plants, algae, and some bacteria convert light energy into chemical energy in the form of glucose (a type of sugar). The process involves the following steps:

1. Light energy: Light energy is absorbed by chlorophyll, a pigment found in the leaves of plants, algae, and some bacteria. Chlorophyll absorbs light energy in the visible spectrum, which is the range of light that we can see with our eyes.

2. Carbon dioxide: Carbon dioxide (CO2) is absorbed by the chlorophyll molecules. CO2 is a gas that is present in the atmosphere, but it is not present in the plant cells.

3. Water: Water is also absorbed by the chlorophyll molecules. The water molecules are dissolved in the water in the plant cells.",2.21,OK
TinyLlama 1.1B Chat,TinyLlama/TinyLlama-1.1B-Chat-v1.0,6,Science,What is cellular respiration and how does it differ from breathing?,7.719,442.03,118.8,"Cellular respiration is the process by which cells break down food molecules (carbohydrates, proteins, and fats) into simpler molecules (glucose, amino acids, and fatty acids) for energy storage in the form of ATP (adenosine triphosphate). This process is essential for maintaining cellular function and is carried out by a series of enzymatic reactions in the mitochondria, the powerhouses of cells.

Breathing, on the other hand, is the process by which cells exchange gases (oxygen and carbon dioxide) with the environment. This process is carried out by specialized glands called alveoli in the lungs, which are lined with tiny air sacs called alveoli. The exchange of gases between the lungs and the environment is regulated by the nervous system and is essential for maintaining homeostasis",2.21,OK
TinyLlama 1.1B Chat,TinyLlama/TinyLlama-1.1B-Chat-v1.0,7,Science,Explain the structure of DNA and what base pairing rules apply.,7.2307,410.76,118.34,"DNA is a polymer that consists of a backbone of phosphate groups (P) and a chain of nucleotides (A, T, C, G) linked by phosphodiester bonds (P-D-P). The backbone is composed of 20 nucleotide bases (A, T, C, G) arranged in a double helix structure. Each nucleotide base is composed of a sugar (deoxyribose) and a phosphate group (P). The sugar is called a nucleotide sugar and is composed of a ribose (R) and a phosphate group (P). The phosphate group is called a phosphodiester bond and is formed by the bonding of a phosphate group (P) to the 3' carbon of a ribose (R) nucleotide.

The base pairing rules in DNA are as follows:

1. Aden",2.21,OK
TinyLlama 1.1B Chat,TinyLlama/TinyLlama-1.1B-Chat-v1.0,8,Science,What is mitosis and why do cells need to divide?,7.0369,406.12,119.25,"Mitosis is the process of cell division in which a single cell divides into two or more cells. This process is essential for the growth, development, and maintenance of all living organisms. Cells need to divide because they are the building blocks of all living organisms.

The process of mitosis involves the duplication of the chromosomes, which are the DNA molecules that contain the genetic information for the cell. During mitosis, the cell divides into two daughter cells, each with a copy of the parent cell's genetic material. The process of mitosis is essential for the growth and development of all living organisms, as it allows cells to divide and replace themselves, allowing for the production of new cells and tissues.

In summary, mitosis is essential for the growth, development, and maintenance of all living organisms because it allows cells to divide and replace themselves, allowing for the production of new cells and tissues.",2.21,OK
TinyLlama 1.1B Chat,TinyLlama/TinyLlama-1.1B-Chat-v1.0,9,Programming-CS,What is a variable in programming? Explain it like I'm 10 years old using a box analogy.,7.6593,444.36,119.55,"Sure, I'd be happy to explain variable in programming using a box analogy!

In programming, a variable is a placeholder for a value that can be assigned to a specific location in memory. It's like a box that holds a piece of paper or a piece of metal.

Let's say you have a box that you want to store a piece of paper in. You can place the paper inside the box, but you can't take the paper out. The paper is still inside the box, but you can't see it.

Now, let's say you want to store a piece of metal in the box. You can place the metal inside the box, but you can't take the metal out. The metal is still inside the box, but you can't see it.

Now, let's say you want to store a piece of paper and a piece of metal in the box. You can place",2.21,OK
TinyLlama 1.1B Chat,TinyLlama/TinyLlama-1.1B-Chat-v1.0,10,Programming-CS,What is a 'For Loop'? Explain it like a chore list.,7.105,413.4,119.72,"A ""For Loop"" is a programming construct that allows you to iterate through a sequence of values in a loop. It is similar to a ""while"" loop, but instead of checking a condition each time through the loop, it checks a condition at the beginning of the loop and then continues to execute the code inside the loop until the condition is no longer true.

Here's an example of a ""For Loop"" in JavaScript:

```javascript
for (let I = 0; I < 5; i++) {
  console.log(i);
}
```

In this example, the loop starts at index 0 and increments by 1 each time through the loop. The console.log() function is called with the value of the current index (i) as an argument.

Here's a similar example using a ""For Loop"" in Python:

```python
for I in range(5):",2.21,OK
TinyLlama 1.1B Chat,TinyLlama/TinyLlama-1.1B-Chat-v1.0,11,Programming-CS,Explain what an 'if statement' is in programming using a traffic light analogy.,7.5955,433.48,118.6,"Sure! An ""if statement"" is a type of conditional statement in programming that evaluates a condition and performs a specific action based on the result. In traffic light analogy, an ""if statement"" is like a traffic light, which is used to control the flow of traffic.

Let's say you want to control the flow of traffic in a busy intersection. You can use an ""if statement"" to determine which traffic light to turn on based on the current state of the traffic light. If the traffic light is red, you can turn on the red light, and if the traffic light is green, you can turn on the green light.

Here's an example of how an ""if statement"" works in a traffic light analogy:

Let's say you're driving down the road and you see a red light. You know that the traffic light is red, so you turn on the red light. If the traffic light is still red",2.21,OK
TinyLlama 1.1B Chat,TinyLlama/TinyLlama-1.1B-Chat-v1.0,12,Programming-CS,What is a function in programming and why do we use them?,7.3162,428.61,120.12,"A function in programming is a block of code that performs a specific task or computes a value. It is a reusable piece of code that can be called repeatedly without having to write the same code again. Functions are useful in programming because they allow us to reuse code and reduce the amount of repetitive code we need to write.

In programming, functions are often used to solve specific problems or to perform specific tasks. For example, a function might be used to calculate the area of a rectangle, the volume of a cylinder, or the perimeter of a triangle. By defining a function, we can write code that performs these tasks without having to write the same code again.

Functions are also useful in programming because they allow us to write code that is more readable and maintainable. By breaking down complex tasks into smaller, reusable functions, we can make our code more understandable and easier to understand for others who may need to use it in the future.",2.21,OK
TinyLlama 1.1B Chat,TinyLlama/TinyLlama-1.1B-Chat-v1.0,13,Humanities,"Explain the main causes of World War I using the MAIN acronym (Militarism, Alliances, Imperialism, Nationalism).",7.4718,432.67,119.44,"World War I (also known as the Great War) was caused by a combination of factors, including:

1. Militarism: The war was fueled by the desire for power and control among European powers, particularly Germany and Austria-Hungary. These powers saw the war as a way to expand their territories and gain military superiority.

2. Alliances: The war was also fueled by the desire for alliances among European powers. Germany and Austria-Hungary formed an alliance with Italy, which led to the outbreak of war.

3. Imperialism: Imperialism was another factor that contributed to the war. European powers saw the colonies they controlled as a source of wealth and power, and they wanted to expand their territories and influence.

4. Nationalism: Nationalism was also a driving force behind the war. Nationalist movements emerged in many European countries, particularly in Germany and Austria-",2.21,OK
TinyLlama 1.1B Chat,TinyLlama/TinyLlama-1.1B-Chat-v1.0,14,Humanities,What was the significance of the French Revolution and what were its key outcomes?,7.7496,443.47,118.76,"The French Revolution was a significant event in world history that marked a significant shift in the political, social, and cultural landscape of France and Europe. Here are some of its key outcomes:

1. Establishment of the French Republic: The revolution led to the establishment of the French Republic, which was a republican government that aimed to restore the monarchy and restore the rights of the people.

2. Establishment of the National Assembly: The revolution led to the establishment of the National Assembly, which was the first legislative body of the French Republic. It was responsible for drafting the Constitution of 1791, which established the basic principles of the French Republic.

3. Establishment of the Directory: The revolution led to the establishment of the Directory, which was a temporary government that ruled France until the end of the revolution.

4. Establishment of the Consulate: The revolution led to the",2.21,OK
TinyLlama 1.1B Chat,TinyLlama/TinyLlama-1.1B-Chat-v1.0,15,Humanities,Explain what the Industrial Revolution was and how it changed society.,7.3629,426.0,119.39,"The Industrial Revolution was a period of significant change in the history of the world. It occurred in the mid-18th to mid-19th centuries and marked a significant shift in the way people lived, worked, and produced goods. The Industrial Revolution was characterized by the development of new technologies, the growth of factories, and the emergence of new industries.

The Industrial Revolution began in England, where the Industrial Revolution was driven by the development of new technologies such as steam power, the cotton spinning industry, and the development of the steam engine. These technologies allowed for the mass production of goods, which led to the growth of factories and the emergence of new industries such as textiles, iron, and steel.

The Industrial Revolution also had a significant impact on society. It led to the rise of new social classes, such as the middle class and the working class. The middle class became more",2.21,OK
TinyLlama 1.1B Chat,TinyLlama/TinyLlama-1.1B-Chat-v1.0,16,Humanities,What was the Cold War and what were the main tensions between the USA and USSR?,7.6418,443.61,119.59,"The Cold War was a period of tension and hostility between the United States and the Soviet Union from 1945 to 1991. The main tensions between the two countries were:

1. Nuclear arms race: The two superpowers were engaged in a nuclear arms race, with the Soviet Union developing and testing nuclear weapons at a faster rate than the United States.

2. Economic competition: The two countries competed for economic dominance, with the Soviet Union investing heavily in the Soviet economy and the United States investing heavily in the American economy.

3. International relations: The two countries had different views on international relations, with the Soviet Union prioritizing communism and the United States prioritizing democracy and free markets.

4. Military alliances: The two countries had military alliances, with the Soviet Union allied with China and North Korea, and the United States allied",2.21,OK
TinyLlama 1.1B Chat,TinyLlama/TinyLlama-1.1B-Chat-v1.0,17,Meta-cognition,Explain what metacognition means and why thinking about your own thinking helps you learn better.,8.2326,473.86,119.09,"Metacognition is the ability to think about one's own thinking and to analyze and reflect on one's own cognitive processes. It involves the ability to understand one's own thinking patterns, beliefs, and assumptions, and to evaluate and improve one's own thinking skills.

Thinking about one's own thinking helps in several ways:

1. Self-awareness: By reflecting on one's own thinking, one can become more aware of their own patterns, beliefs, and assumptions. This helps in identifying areas where one needs to improve their thinking skills.

2. Self-regulation: By reflecting on one's own thinking, one can become more self-aware of their own cognitive processes and learn to regulate them. This helps in improving one's ability to manage their thoughts and emotions, leading to better decision-making and problem-solving.

3. Improv",2.21,OK
TinyLlama 1.1B Chat,TinyLlama/TinyLlama-1.1B-Chat-v1.0,18,Meta-cognition,What is spaced repetition and why is it more effective than cramming?,7.3196,422.58,119.27,"Spatial repetition is a technique used in learning that involves repeating a concept or information repeatedly until it becomes a part of the learner's memory. This technique is more effective than cramming because it allows the brain to process and remember information more efficiently.

Spatial repetition involves repeating a concept or information in a different way, such as by using different words or phrases, to make it more memorable. This repetition helps the brain to process and remember the information more effectively, as it is more likely to stick in the learner's mind.

In contrast, cramming is a technique used in learning that involves trying to cram as much information as possible into a short period of time. This can lead to overloading the brain with information, which can make it difficult to retain and remember the information.

In summary, spaced repetition is more effective than cramming because it allows the brain to process and remember information",2.21,OK
TinyLlama 1.1B Chat,TinyLlama/TinyLlama-1.1B-Chat-v1.0,19,Meta-cognition,Explain the Pomodoro technique for studying and why it works.,7.4153,422.89,118.56,"The Pomodoro technique is a time management method that involves breaking down tasks into short, focused intervals (also known as ""pomodoros"") and working for a set amount of time (usually 25 minutes) followed by a short break (usually 5-10 minutes). The technique was developed by Francesco Cirillo in the 1980s and has since become a popular time management tool for students, professionals, and anyone else who needs to focus on a task for a set amount of time.

The Pomodoro technique works by breaking down tasks into smaller, more manageable intervals. For example, if you need to complete a 25-minute task, you might divide it into two 12-minute intervals. This way, you're working on one task at a time, but you're also getting breaks in between.

The Pomodoro technique has several benefits:

1. Redu",2.21,OK
TinyLlama 1.1B Chat,TinyLlama/TinyLlama-1.1B-Chat-v1.0,20,Meta-cognition,What is active recall and how does it differ from passive re-reading?,7.5678,435.99,119.15,"Active recall is a technique used in reading comprehension where students are asked to recall information from a text or passage. It involves actively engaging with the text and focusing on specific details, rather than simply reading through it passively.

Passive re-reading, on the other hand, is a technique used in reading comprehension where students are asked to read a text and then reread it without actively engaging with it. This technique is often used in reading comprehension assessments to measure students' ability to summarize and understand the text.

Active recall and passive re-reading are both effective techniques for improving reading comprehension, but they differ in their approach and purpose. Active recall involves actively engaging with the text, while passive re-reading involves simply reading through the text without actively engaging with it. Active recall is more focused on recalling specific details, while passive re-reading is more focused on summarizing and",2.21,OK
